Data Reuploading Reps,Row,Trainability,Mean Loss,Min Loss
1,0,0.5095369931432157,0.5068230107259988,4.562424789441247e-06
1,1,0.49039300083376414,0.49959792201865744,3.572548253012508e-05
1,2,0.5063132300016635,0.5026967622324409,0.00017866832855562337
1,3,0.48884434665572263,0.48460764145741736,7.448887205552559e-05
1,4,0.5037563683305222,0.500382241355664,4.137097074160918e-05
1,5,0.5094725601460295,0.5031871345299633,0.00013072851361607503
1,6,0.49688754358948667,0.49429271485265874,0.00024665383388715453
1,7,0.4886764341614843,0.4999249879743643,4.148171862563653e-05
1,8,0.49239620565204445,0.4927472581761178,7.88843766091317e-05
1,9,0.49182394480097025,0.48939507571333046,0.00025366711282136473
1,10,0.5077001307859357,0.5049213019887486,3.522829284885913e-05
1,11,0.49757641054073076,0.49603297975385974,9.883269107811715e-05
1,12,0.503144205492556,0.5062181879772241,3.483435174773103e-05
1,13,0.4915388173936044,0.4913334863922664,0.00019142685994220248
1,14,0.49527373737881947,0.4952949808279298,5.8751125313058636e-05
1,15,0.505853644148584,0.5026415974183336,9.020570333430889e-05
1,16,0.5075041965016753,0.5023412395858521,9.459882769217335e-05
1,17,0.4994508082193961,0.4992410210157185,6.70273378672153e-05
1,18,0.5019268383009058,0.49675713380421427,6.505661817953277e-05
1,19,0.4913832660014853,0.49168432809207974,7.505565942691701e-05
1,20,0.5079915658087277,0.5086103630679002,0.0001339739316987416
1,21,0.5068956435544862,0.5003282833665236,2.8652190250669412e-05
1,22,0.5055015250322071,0.5098066042371145,0.00020486446464927562
1,23,0.5011667063919307,0.5013982997163294,7.983294982630785e-05
1,24,0.509287039425857,0.504492307052778,5.197377751703143e-06
1,25,0.5042779066590307,0.5018305602397585,5.4388875412736755e-05
1,26,0.49107101978330336,0.5004659406794291,3.561550285376009e-05
1,27,0.49791882110367836,0.5012589760219425,0.00038583537290556267
1,28,0.48767039490573655,0.4793017945885116,1.4202542062500742e-05
1,29,0.48616331429398174,0.49797022692847404,7.633664546663734e-05
1,30,0.5045739269309463,0.5077768024077026,6.463872741016387e-05
1,31,0.4978288542926587,0.48847060218504723,0.00011183718407644166
1,32,0.5079715993229046,0.5050187137772325,4.989871569601928e-05
1,33,0.49151846689487383,0.48835146200472057,7.493915345936336e-05
1,34,0.5138212731968647,0.5020062321547925,5.885918924871053e-05
1,35,0.4983227330446886,0.4900033875389829,3.6410460752646007e-06
1,36,0.48859726501646294,0.48669660605227455,4.141703044346689e-05
1,37,0.5059742194249236,0.5122043438999944,3.207451573203959e-05
1,38,0.50042865976461,0.4993151494847049,1.727418711662852e-05
1,39,0.5077501333211897,0.5054926099638964,0.00037819797190275943
1,40,0.5119874018056446,0.49683778952046814,0.0001850700475490068
1,41,0.48752475944433427,0.4932733378575076,0.00014534135354850805
1,42,0.5077015148100922,0.5027794017630265,0.00014420722501117978
1,43,0.5012569874943825,0.5027034965400994,4.384961100826633e-05
1,44,0.5062991027048798,0.5026885090789627,4.504696857719427e-06
1,45,0.5102326380418765,0.5004592909786217,2.2056180568301725e-05
1,46,0.48222359417065613,0.4973356101836432,0.0002945597399767794
1,47,0.5027346032031692,0.49902069357002576,6.029125555412749e-05
1,48,0.4945034371768082,0.5037494834156513,0.0007708835893764833
1,49,0.4884963341747175,0.5044548400927106,2.032118020443334e-05
1,50,0.4896300735873882,0.49012026767869543,0.00020092286291322126
1,51,0.5217920388081774,0.5199823104086366,0.00012995658349912781
1,52,0.5105191173829847,0.49832410778997005,0.00012855228483912523
1,53,0.5149190828590452,0.500551031425405,4.897038487669161e-05
1,54,0.521574021300721,0.513172352580797,1.380943987408576e-05
1,55,0.5011327210248162,0.49851113982600714,8.083839552857668e-06
1,56,0.4901428808840957,0.49765674350964406,8.843060793456045e-05
1,57,0.5151488202999224,0.5183310618875882,3.941301048123133e-05
1,58,0.5182162193530812,0.5138979726775373,5.6097840868688245e-05
1,59,0.49056439641992117,0.5035123463122324,0.00032345731915856896
1,60,0.4931374396890156,0.5044696498730574,0.0002223338928041062
1,61,0.48960002420192467,0.5022972505058838,0.00023087274711512088
1,62,0.5078361498478915,0.5048879513051334,2.421156406417911e-05
1,63,0.48971872168223063,0.49514121217939666,7.038355758448383e-05
1,64,0.49388730239289635,0.5059100197448125,4.045098797421895e-05
1,65,0.4935139511889832,0.501297799332801,6.366891184462627e-05
1,66,0.5073818071341849,0.5165778943110393,1.3728350640595159e-05
1,67,0.4932725602417749,0.5059567648096369,6.194741090454362e-05
1,68,0.5014547895584464,0.5042600741730123,0.00012831138928137272
1,69,0.5026341507058664,0.49805623231031587,3.46141857354026e-05
1,70,0.48907797131630465,0.5019283436689539,2.3478986469784017e-05
1,71,0.5133532901311153,0.5148423359485085,7.739315746860824e-05
1,72,0.5118801874161693,0.5138148386888393,0.00011389683084197422
1,73,0.5189307697027464,0.5203682936868054,8.366596431591906e-06
1,74,0.5006983571422017,0.5022763111415746,6.329758008754121e-05
1,75,0.5104625222829161,0.5029261392767472,1.4637840445241552e-07
1,76,0.5013517851152941,0.505536424087161,3.053241635187268e-06
1,77,0.5074695347689975,0.5016212809480602,5.0018039761451e-05
1,78,0.49488644696945766,0.48711360852222174,0.00022396623911412285
1,79,0.49827915026355285,0.5061664740437207,0.00014483471857099152
1,80,0.4937892984364069,0.49431309079014957,0.00013608162236542653
1,81,0.5016880856965942,0.5010922201897657,0.0001761015183941296
1,82,0.5094865712322608,0.5068848296649112,5.3071663426993165e-05
1,83,0.5058584764428975,0.49867678800100024,0.00023376639618931028
1,84,0.5016117806734677,0.5009620089789717,1.813090638477422e-05
1,85,0.50997960372167,0.5054131710772024,0.0005072685348302973
1,86,0.49555569325286364,0.49523191934632804,9.842523932499821e-05
1,87,0.49897888962139714,0.4978941784378134,6.425879978799978e-05
1,88,0.5194485923782897,0.5105020330988438,5.700009177904047e-06
1,89,0.5044370230028831,0.5032767683004512,6.77597530704394e-06
1,90,0.5039147897898045,0.5000228945302387,9.53844316895596e-05
1,91,0.5014450707411114,0.5056012993594936,2.4363105339595178e-05
1,92,0.4917734914158673,0.49425971825551096,0.0001527384401344793
1,93,0.49476850604675093,0.5025036460151271,6.393500985989228e-05
1,94,0.502973778531699,0.49986836003543134,1.3544697311604125e-05
1,95,0.49906356712731736,0.500675858877812,0.00012115784140463552
1,96,0.497452543153255,0.5023595452162309,7.155923031882914e-05
1,97,0.4885499691643039,0.4921059089537357,0.00021315340665232344
1,98,0.4878117859712867,0.49509021199079983,0.00012317296715285745
1,99,0.4854591459138403,0.4931427935889837,4.3631885857977694e-05
1,100,0.5077470153634631,0.5038125562891289,2.2018161281659867e-05
1,101,0.500170701291648,0.495476838886152,0.0002705606730944241
1,102,0.48608977500125394,0.5036765364794117,0.00016467418064483323
1,103,0.4842122669989834,0.4907803277383334,0.00028969682502214895
1,104,0.5145671429106928,0.5077331539136974,0.0005880703657493908
1,105,0.5036515480778354,0.49171168227604156,0.00010792007232860851
1,106,0.4992086429667789,0.49322355635006543,0.0002554023090547423
1,107,0.4882950874138568,0.49366219259577426,2.3169433527635213e-05
1,108,0.5151960356384023,0.5017121298493497,0.0001206833575386751
1,109,0.500669783146363,0.5016798241734235,1.1415029426556198e-05
1,110,0.492799520567943,0.49674312688436645,8.582146481497922e-05
1,111,0.5051383431488385,0.5062278913754688,1.5334933653826922e-06
1,112,0.4968160670024947,0.49823465969518477,4.99945266146205e-06
1,113,0.48768539750820655,0.49621242351623435,8.496030870610251e-05
1,114,0.49850068691036414,0.5059303344811683,3.622217957616422e-05
1,115,0.510069896894617,0.50468769118533,0.0003078056707873889
1,116,0.51160961914019,0.505569990323247,4.4733822517758215e-06
1,117,0.49001707693293195,0.49602405475287725,1.9800123264107675e-05
1,118,0.5079249128104412,0.4994696216936318,0.00012036631267772523
1,119,0.5008742281761513,0.4959421467788569,1.0480938311911572e-05
1,120,0.5010883425893085,0.502631859632473,1.8171980363262284e-05
1,121,0.4860750746612475,0.4861135333674479,0.00022483136214143085
1,122,0.4946422573664633,0.49718712603882786,4.141456966634455e-05
1,123,0.4950986267430983,0.5027663020993343,0.0001426067998950152
1,124,0.5107538077728556,0.5072028647669871,0.00012525969629637116
1,125,0.4933856099659916,0.48725650696520406,0.00011669559747870664
1,126,0.4785518027365659,0.48460245881068026,2.2299388055391814e-05
1,127,0.49902438190802656,0.5113493773750207,0.00017843954609031998
1,128,0.47904692701269813,0.48981097473333296,5.860960670291236e-05
1,129,0.48746453343545443,0.4916876320516948,0.00015315840872360818
1,130,0.501428611259924,0.4953045423528403,2.7918365979941708e-05
1,131,0.49274991429481,0.4979658074903894,3.8161946976153414e-05
1,132,0.5118555716668184,0.5050168180310229,5.631677320135082e-06
1,133,0.5275784913845744,0.5097275606394753,0.00023297857970560674
1,134,0.4950262985388487,0.49765696023044537,5.439239197454417e-05
1,135,0.5047808674897248,0.5077747264170357,0.0001508927954353385
1,136,0.5056371953880104,0.510354587635057,8.587548114067395e-05
1,137,0.4881994119851764,0.49619089190942817,0.0009072884877988381
1,138,0.49117951955184064,0.49675272013747784,0.0002454101970121239
1,139,0.48302416825145944,0.5000309817025763,0.0001236405268263203
1,140,0.5116841518231481,0.5024775116590219,9.868433503527836e-05
1,141,0.48278991380887093,0.48803874200428843,2.951597685352695e-05
1,142,0.4868326554590953,0.4984820895854707,0.0001076670529154322
1,143,0.5015042650945607,0.5027365731263528,0.000197076060099915
1,144,0.5046847832351491,0.5008972969779022,0.0001350911208134916
1,145,0.4960212814591978,0.4991951106688925,0.00026037436487113413
1,146,0.508022926810508,0.5123408365666835,5.947440696333151e-05
1,147,0.4896544179020059,0.499099754410425,2.8272908874722366e-06
1,148,0.5023268073113243,0.5026252901389863,5.38535357893848e-05
1,149,0.48557427689104465,0.48968899674743943,5.022935822574278e-05
1,150,0.5060539244064736,0.49844967893990055,0.00011871381870565533
1,151,0.5337613945682023,0.5204358155577468,0.0003452697130455929
1,152,0.49431121934682065,0.49457600947168634,1.7782746595919457e-05
1,153,0.5229229949638026,0.5111871117506959,0.00013156030699535087
1,154,0.5095363898584006,0.5099337928079448,0.0001263011214352886
1,155,0.4971254365570111,0.4933660617492372,0.00023497819417334114
1,156,0.5242727719089367,0.504370791727588,0.00023762137978653431
1,157,0.5017419149991657,0.4873359909291047,7.727187170373465e-05
1,158,0.4847593283653931,0.504255123017877,7.138775143921262e-05
1,159,0.48466841365274416,0.48358910971082364,1.1923315954118428e-05
1,160,0.5085611011123217,0.501267069231357,2.8214701103086446e-05
1,161,0.5015840891656709,0.49041680711341645,0.0001496108418603791
1,162,0.5054725757931093,0.5069224403645738,3.373899430626159e-05
1,163,0.5028735441480201,0.49248094829541667,4.283426202446259e-05
1,164,0.46429960641098866,0.47761797705441394,8.296081272645162e-06
1,165,0.4916148348141805,0.4932639595377464,5.179791383643517e-05
1,166,0.49212335004208346,0.49335351900110747,1.1433828981467166e-05
1,167,0.49748519976816336,0.5041267431890789,5.399508223770112e-05
1,168,0.4914436166064171,0.4913900488390234,0.00015150988022634323
1,169,0.49267365329656493,0.5071387343689162,1.405394623975878e-05
1,170,0.49356884558316905,0.510892457946758,3.347638320875245e-05
1,171,0.5053202764079324,0.5084280291986663,0.0004126113802088075
1,172,0.4885358032176179,0.4942449255670259,0.0001186597052968393
1,173,0.49299464888813205,0.49033742681307385,3.1806563860704154e-05
1,174,0.497119405163681,0.48759279202502115,0.00026719279354121513
1,175,0.49439433336913574,0.50423487078775,4.0459784328846215e-05
1,176,0.506606600142614,0.500157595918242,2.565917819311915e-05
1,177,0.5079473991543323,0.5031295997383324,0.000291573482050232
1,178,0.49849693045249055,0.5008171677109392,4.974672075475713e-05
1,179,0.502172306865816,0.5033464232875948,3.4973655697132616e-05
1,180,0.4975259347750772,0.49861520993873243,0.00012279346261805948
1,181,0.5016482985250909,0.5018528764998887,0.00023900147139048532
1,182,0.48193431483651006,0.4961010174547046,0.00024005731844229273
1,183,0.4949735923133698,0.5029258949064125,5.76146313236816e-05
1,184,0.4977468269324228,0.5002524575914133,0.00013841705444597667
1,185,0.4862979552683296,0.48951270681197817,8.21656816911716e-05
1,186,0.5007987955238851,0.49427112547250435,0.00023191865079362316
1,187,0.4832845198902439,0.49199526172176244,2.643557860321644e-05
1,188,0.4889666023905028,0.4974268045549195,7.674540689125566e-05
1,189,0.5063063537423326,0.5149871381108038,3.1679027577678333e-05
1,190,0.5007363214145781,0.5044511473193778,7.523745019433462e-05
1,191,0.5000846520424375,0.4971341337915995,0.00023749963437890196
1,192,0.5212163062242462,0.514137369296348,8.557218884811378e-05
1,193,0.48897322783324787,0.4952887348188709,3.293861296913309e-05
1,194,0.49035409899062804,0.48796391476704126,8.633700232384516e-06
1,195,0.5067398044203659,0.4999756481977399,0.0003164263530829314
1,196,0.49278177461604283,0.48888259759935637,8.607484843453675e-05
1,197,0.4795946090741844,0.4961015436801218,9.245895902664651e-05
1,198,0.4858007319010372,0.49663904548346005,5.394118986946374e-06
1,199,0.48818828313611656,0.49346516162561704,7.558343449728148e-05
2,0,0.5187252322081695,0.5014695320038226,2.5042462642115967e-05
2,1,0.524244288295484,0.5118982902271781,7.991694661869161e-05
2,2,0.48142038102374707,0.48637160718926303,8.422089106267055e-05
2,3,0.494105759414062,0.4948418481591375,5.9079944949178524e-05
2,4,0.5021952044908767,0.5029649422370848,0.00023701988861472468
2,5,0.5122906135849046,0.5032949736189447,0.00033742762282906714
2,6,0.5160132667065123,0.5060427897662092,1.8190836801049365e-05
2,7,0.4896820609021742,0.48726844245975154,6.497193403072375e-05
2,8,0.5085913626276738,0.5062363651360052,7.797729310903752e-05
2,9,0.48086134639357686,0.49343044437763567,1.0121172096741343e-05
2,10,0.49864412622982773,0.49580140380736054,0.0005018600543555805
2,11,0.5128138322174498,0.5030376436006673,2.699251833967162e-05
2,12,0.5253776600451819,0.5148372729710924,1.8815850054056464e-05
2,13,0.5149187123316903,0.5149682701252997,0.00016800042422574252
2,14,0.5186809684599285,0.5081950155829302,0.00010105488303661913
2,15,0.504504587665048,0.5120453962613098,0.00020524875543804057
2,16,0.5001962207272419,0.48648993492432374,4.659864511332217e-05
2,17,0.5081397320685689,0.501465155595653,3.527031802234873e-05
2,18,0.48993089845717464,0.4929815576292125,0.0001738952766082477
2,19,0.5073608697738907,0.4980578952483626,3.752121481828928e-05
2,20,0.5000675913655201,0.5046018415031687,8.111040474188468e-05
2,21,0.49474518765170084,0.5033316588331194,3.414851944538863e-05
2,22,0.5039121026827376,0.5035934383398676,8.958444363184274e-05
2,23,0.49833687596126747,0.49760122759322245,0.0001239281847697032
2,24,0.48157072608160606,0.4911893633938015,3.0464440891404008e-05
2,25,0.5045075367273577,0.5008820011557223,0.0003011848412368542
2,26,0.491150374638397,0.49370200830469824,0.0005915334325177432
2,27,0.5007121867085561,0.49859700151451464,0.000275692121351432
2,28,0.5129096053646713,0.5085103402143231,4.548146842080711e-05
2,29,0.5026312989027713,0.5081942354952762,6.546706577804058e-05
2,30,0.48846237487604105,0.4990010527368321,4.8349770094205216e-05
2,31,0.5105675711256545,0.503910199637708,2.1558097449724633e-05
2,32,0.5098217080752271,0.5048858111276304,7.1743668608401634e-06
2,33,0.5139161131567016,0.5026637693222784,0.0004924015163439712
2,34,0.5062933644788277,0.4967870177873505,1.7488231439470927e-05
2,35,0.4875879082756905,0.49439528741620076,3.186794285015161e-05
2,36,0.5137222100777196,0.5035588915053872,5.0025550629689376e-05
2,37,0.4883949472560572,0.4918989499116403,0.00014817708895014745
2,38,0.49242645494593235,0.4910861408182376,0.00012532167639046156
2,39,0.49774895989255874,0.4969612234736571,1.890276199073981e-05
2,40,0.49896117665733286,0.5095698608478691,5.775521195967268e-05
2,41,0.48738786825495356,0.498009791058402,5.686519939988669e-05
2,42,0.5258148903960972,0.5107997882013955,0.00034418241046324304
2,43,0.4911163010739943,0.4927422514465533,6.978670666082737e-05
2,44,0.4878050401074409,0.5011200183482153,3.226530679382056e-05
2,45,0.4916616008278194,0.5003337278958481,0.00021158164180023196
2,46,0.5116376842803172,0.5133013991285066,2.2014302620812433e-06
2,47,0.496907002736027,0.49335938058729173,0.000192744313739216
2,48,0.5004997889373074,0.49723049930167296,0.00017758420006985475
2,49,0.4837723535718272,0.4928748086744874,3.36382981257406e-06
2,50,0.5065691570578522,0.4996511062739213,1.4899889614413588e-06
2,51,0.49190002435668606,0.5075386706198388,0.0001963084600828463
2,52,0.5053643804021457,0.503254883569731,0.0002057707078181019
2,53,0.5022896120046935,0.49620774952439284,2.4664111306452204e-05
2,54,0.5043987816076893,0.4932149198157082,0.0002471629389244335
2,55,0.4897325242199488,0.5016119971637919,0.0002620121147227849
2,56,0.49981500370793214,0.4971872076851971,0.0002809222551742794
2,57,0.5057784509840337,0.4966118159641519,0.0004117202068752147
2,58,0.5106139493488847,0.5204098244348461,0.00011940019639891547
2,59,0.5142012466147582,0.5073499880505827,6.755527920136431e-05
2,60,0.5073748842329584,0.5059426409961298,6.104614006678856e-05
2,61,0.49338007109791826,0.5111482585270031,0.0001356441630269887
2,62,0.4991871855237006,0.5136479036082698,4.138782510274561e-06
2,63,0.4984633169814783,0.5019168235022461,1.9555861204854343e-05
2,64,0.498168393481476,0.5045582384130467,1.9618020829735568e-05
2,65,0.5080343713722706,0.505504003583149,7.81420185182859e-05
2,66,0.49887427509405907,0.5056402275388022,0.0004793182750702556
2,67,0.496715174966684,0.5043900621542188,0.000767816486324873
2,68,0.49584495504979964,0.4947698177204389,3.29009160156655e-05
2,69,0.5089287870188123,0.5070937471103935,2.1557184210834924e-05
2,70,0.5048086673800262,0.5041925555056913,0.00038148845711224034
2,71,0.49261375524379303,0.4970737657385059,0.00019649521592133881
2,72,0.5050340200665184,0.5024063747831432,2.1000842066944648e-05
2,73,0.5051289887992902,0.5098746298693462,1.0939002663371437e-05
2,74,0.5036475521394029,0.49382437241275123,3.7690199830174055e-05
2,75,0.4742108663074582,0.477135223380381,7.118066572985088e-05
2,76,0.5109512544325983,0.5127898189136172,0.00025395186636210574
2,77,0.5124526476805974,0.5086216911745206,7.628658177103688e-05
2,78,0.5059956380484172,0.5182710224060961,6.550574780702418e-05
2,79,0.49601894365988625,0.5028028016757258,8.187919426624742e-05
2,80,0.49467555809469616,0.4946231800314298,8.012101216800386e-05
2,81,0.4957047807668337,0.496521628374299,0.0002541596728074633
2,82,0.49122233085029504,0.4882545938257892,5.4839599740718996e-05
2,83,0.498418173245397,0.4900315887601954,3.571806680715673e-05
2,84,0.49501584951824334,0.4935394063745288,4.087679483548703e-05
2,85,0.49197010514405504,0.49987079405000484,2.9244497705226314e-06
2,86,0.5160476782812455,0.5157539554106966,0.0003707191573157859
2,87,0.5162444929912913,0.5083261124365831,0.0005010685482373521
2,88,0.5025337446437935,0.49764920912052624,7.916300123646945e-05
2,89,0.49652161306637427,0.4914513262318425,0.0001205323240382416
2,90,0.4921466089774119,0.49236849599568905,3.16575026949434e-05
2,91,0.49644059377739874,0.49697317938551533,0.0003840578811145549
2,92,0.5018966494701655,0.5035017001785826,0.00013239562321424366
2,93,0.514740824136771,0.5098571598968807,1.8067478353659565e-05
2,94,0.4904014089945453,0.5032675705327123,0.00023520436560672386
2,95,0.49333789311916565,0.4997852268800967,5.935098300540699e-05
2,96,0.5020779128091744,0.4954251285961135,6.724288655114926e-05
2,97,0.4977218955600507,0.5018256324053652,8.409130043932229e-06
2,98,0.4868336603292389,0.49892816119461497,6.310204591414603e-05
2,99,0.499769999112015,0.5003419568377097,0.00015260319367845754
2,100,0.49357642538682384,0.5027371999585558,7.399375583039271e-05
2,101,0.49519183333150596,0.4939718011665134,0.00024408919335251292
2,102,0.49096921415158057,0.5018553797215456,5.250988566816983e-05
2,103,0.5132623063815702,0.5045308069430287,9.964311774905719e-06
2,104,0.502869449705018,0.5057425176492043,4.115495498373702e-05
2,105,0.5061575106938752,0.4984325154590324,1.7655590783380454e-05
2,106,0.48377750151795307,0.4969789132694707,5.399395440883547e-06
2,107,0.5001145078417595,0.4988110264935133,7.261350980818906e-05
2,108,0.4901848412950167,0.49763383029617797,0.00011655735491607093
2,109,0.4879683611033142,0.4887301524587333,3.109471791497399e-05
2,110,0.4987101556051715,0.4989249088327862,0.00042885893606657127
2,111,0.48796474239336823,0.4940032300036162,9.67497613698429e-05
2,112,0.5191065187744395,0.5132930021871572,4.907419125542328e-05
2,113,0.5114745158350842,0.5066036064712544,0.0003006160760355322
2,114,0.4876278865321186,0.48811539615349286,0.00017318365521240905
2,115,0.49394763132247965,0.48938159745058085,0.000134653825528657
2,116,0.49813710202490213,0.49937814396857233,0.0002100021956177198
2,117,0.5109443679085889,0.49683909011175637,8.822182444037917e-05
2,118,0.513756477819829,0.5132291937889357,0.00047892833975257573
2,119,0.5120336752225492,0.4998137278807733,5.1557425606931786e-05
2,120,0.48339874482058587,0.4961204344230852,0.00012634784513967356
2,121,0.5073540981488284,0.5050964701037994,2.6528708267280302e-05
2,122,0.5022327153979173,0.49796023639638815,0.00012199907784067794
2,123,0.47569963078525035,0.49154073847319046,7.006539573998073e-06
2,124,0.4946505650096307,0.5019054395840545,3.0732038192099562e-06
2,125,0.4884367238981898,0.49511142721681317,1.064022218197658e-05
2,126,0.508004978562891,0.5005020619820063,6.659294145626488e-05
2,127,0.5096467283258518,0.5122200881290319,0.000112971004394554
2,128,0.4935643755905126,0.49765692142500234,0.00012075483976213073
2,129,0.5366907640979215,0.5239528995059375,7.176615865734608e-06
2,130,0.4941615905515668,0.4899966753078279,0.00012038145052535758
2,131,0.5210753817031972,0.5098696892515007,0.0001158825889493529
2,132,0.5101033277386384,0.5170906975558599,0.0004279363182089578
2,133,0.48341741077352024,0.5030947290527316,3.405924804765805e-06
2,134,0.47200409759603007,0.484792544464058,4.4772697365805284e-05
2,135,0.5194555474111296,0.5092963879323348,0.0002481010151426575
2,136,0.5220507633973493,0.5130538296053423,9.455224959922508e-05
2,137,0.5094213975891096,0.5109967492991659,0.00011464437937287846
2,138,0.48635234116042636,0.497444313611627,0.00047374552631087593
2,139,0.5004637504750536,0.4967465715170712,6.522104599040973e-05
2,140,0.5138963672153541,0.5019163767664172,0.0003095882231344007
2,141,0.4931291162017517,0.49629800420666337,4.385568626238165e-06
2,142,0.5141122335746665,0.5093386379485998,7.879796805804149e-07
2,143,0.5102972992574853,0.5039309905534597,0.00021859365470709404
2,144,0.5137817088017271,0.496027940253774,0.0003154284451256234
2,145,0.5259960664558658,0.511000448155422,1.4106128782331502e-05
2,146,0.5034053864782744,0.49491690434775343,2.4139519972985385e-05
2,147,0.5034407826205327,0.5002573836910362,0.00016271077137385373
2,148,0.5065335264191008,0.5054346963250553,3.876113228940473e-05
2,149,0.5019874707888211,0.4981639057239188,9.36072221516778e-05
2,150,0.4787362811334661,0.4893195772648254,7.083079418252288e-05
2,151,0.49706662911049077,0.4922146772861688,1.7670136138527963e-05
2,152,0.499659022659268,0.5028473868484551,0.00029229673057967515
2,153,0.4800433218536904,0.48305703980528697,0.0001125761803380225
2,154,0.4893370833333673,0.4983767021353377,6.147247650939201e-05
2,155,0.4990618936068984,0.49939288217179545,1.008751886180651e-05
2,156,0.5069571190376688,0.499691074383204,9.41729839248039e-05
2,157,0.48460874018406636,0.4968298107075312,0.0006889380418630477
2,158,0.49139760656896003,0.49621086650647145,4.4519233864834974e-05
2,159,0.4912554481968482,0.4931330747209502,0.0002082580406774255
2,160,0.5218110411614094,0.5173394213605423,0.00023475601574808757
2,161,0.4891992373957061,0.49947312920363063,0.00014187838070276468
2,162,0.5096915978304043,0.5056807360325659,0.0003002789784126193
2,163,0.5051670691473962,0.49901177312442907,0.00012942530182433952
2,164,0.49542954829180436,0.49300667537096615,0.00027327828602139207
2,165,0.4926213480478808,0.4999904588910353,0.00048545961037138943
2,166,0.5068434028582636,0.49227933512769667,0.0002930595176234369
2,167,0.5076480489054297,0.5138135137754991,0.0003309787539143501
2,168,0.5220257555605051,0.5050041095831815,0.00016749857850999292
2,169,0.47692154357562694,0.486266298864993,3.7478107155117654e-05
2,170,0.4934128389807472,0.5045258224951581,0.00017862609031341284
2,171,0.5157448880879353,0.5231547408229992,3.893685918229264e-05
2,172,0.5040692916272762,0.5003709063171083,4.6538070112189316e-05
2,173,0.47216038790885284,0.48026291203752963,7.995549684164964e-05
2,174,0.4947359968510301,0.4974592513209433,9.064408951349807e-07
2,175,0.4958219470149346,0.49612261231512367,0.00010889655584801541
2,176,0.4987057677308495,0.5044313498648467,0.0001907850934672288
2,177,0.49690698845567394,0.50068059470944,1.5377472413754466e-05
2,178,0.5070514870573478,0.5005211899015695,0.00011204511590597545
2,179,0.4958270788884706,0.4973730960114334,0.0001088204763917641
2,180,0.5074271030119152,0.5094116673237307,0.00010904643640646458
2,181,0.5004982248205486,0.49600873460472816,0.00042624251183821435
2,182,0.5009332916974362,0.5084645132874751,0.0002440923715822743
2,183,0.48331964546750605,0.5004140893813006,0.00023424192128116623
2,184,0.49013204143409667,0.49020651397546816,1.5630903258766436e-06
2,185,0.5118614590620661,0.5017867029449529,0.00016310332308838339
2,186,0.49975488868333784,0.4955990192118712,0.00012773960604575856
2,187,0.5191779413726653,0.5122718928975348,2.6967148399344802e-05
2,188,0.4975454077532028,0.49391009029136285,3.2377174838904366e-05
2,189,0.49086312632312046,0.49592394665579054,1.4184235478567638e-05
2,190,0.4836300775402881,0.4971792229398643,5.455271362905301e-05
2,191,0.5150842250458958,0.5164752367432106,7.289683219527599e-05
2,192,0.4954713717241039,0.5053201210972447,9.201688733569228e-05
2,193,0.49410931362892757,0.49850346450354394,0.00012485997744017858
2,194,0.48758761524402666,0.494283565120258,9.042420543301922e-05
2,195,0.488433142184004,0.49290178950175867,0.00029127782451585733
2,196,0.49730044924884664,0.5094752138592091,0.0003293050344697671
2,197,0.5142021461654445,0.5081897164931657,0.0002534977017957518
2,198,0.5042595044250273,0.50564389196605,3.7870778180466797e-05
2,199,0.5098783080424231,0.5075376242273436,0.0003345725839430148
3,0,0.494170244195075,0.4977271607524366,0.0003706431138197644
3,1,0.4975590848683478,0.5065297182315299,0.00016248516160902214
3,2,0.4911911148718236,0.4904221535322711,0.000523843403940885
3,3,0.5160187837621467,0.5140566871184881,0.00022705033319278666
3,4,0.4920245396688379,0.4930274592252485,0.00018890362494825973
3,5,0.4894670056788468,0.49437721567003473,9.505471150647364e-05
3,6,0.49176449383419485,0.5063855477755657,2.1332672702132867e-05
3,7,0.5063768949228937,0.5090645895335312,2.4081811756631747e-05
3,8,0.5024201053336554,0.500232117517641,3.196596401910158e-05
3,9,0.5052114823435068,0.4987687897594296,0.00023494772608712367
3,10,0.4979543581178215,0.4923321293206445,2.1796901238585438e-05
3,11,0.48566888798970886,0.49945303718048367,4.976690204277297e-05
3,12,0.49034930484521727,0.4860891617079724,0.0001943306352524342
3,13,0.5034251740416565,0.5055413744402297,0.00010896787825196023
3,14,0.5069534033878889,0.5091045883852754,0.00026704243998826956
3,15,0.4817706297047441,0.48878532157172,4.6338793082807755e-05
3,16,0.4960474063629797,0.4956406133982286,7.776449110698159e-05
3,17,0.4996866339504371,0.5003647333903788,0.000267146484562623
3,18,0.49327707805873267,0.4833239806261599,0.0005861464133139589
3,19,0.5197867754904907,0.5154644707347548,0.0005035573750576769
3,20,0.4859772970248499,0.49820165376971554,1.3164024314172023e-06
3,21,0.5085943074358968,0.5073274771310827,2.2588161489133268e-05
3,22,0.5005640519389045,0.4947507873095221,6.432960425867288e-05
3,23,0.4921834362439267,0.4961843706757943,2.0940634300558146e-05
3,24,0.4987728377280045,0.4999678623993362,9.817532874631528e-06
3,25,0.4891007340823462,0.5024109752538728,9.10399243899188e-05
3,26,0.4821779023127437,0.48442715922609775,9.68376502325587e-05
3,27,0.4975448171976264,0.495294900121007,0.0005188497488682568
3,28,0.5105855251700707,0.505411341334653,0.00013119930418650699
3,29,0.4955556282568336,0.49422133243245825,0.0003209071101150693
3,30,0.48989312680213726,0.4909171373516437,0.0002329583189191817
3,31,0.49806176292256615,0.51266852061566,0.00016594693956639727
3,32,0.5010312129404976,0.5052806083004832,5.141316430140823e-05
3,33,0.4956318600580564,0.5038745285258297,0.00013069977948811326
3,34,0.49101201592399524,0.49924224787333144,0.00018456823289042358
3,35,0.5113156949787527,0.5034699726205535,8.829280008528373e-05
3,36,0.4823562352892147,0.4951818358727471,0.00011925612521409175
3,37,0.5145024271854812,0.4992263821668876,0.00024433706253460024
3,38,0.4948664358528781,0.4970097685660952,6.435343276730825e-05
3,39,0.4863240377414472,0.49434621095310094,4.110970189557256e-05
3,40,0.4993311784845982,0.5012676985783149,3.8434338548634945e-05
3,41,0.484396377101877,0.48886283034433287,3.699813847140372e-05
3,42,0.5044530925276558,0.496328249443359,0.00014330781192506485
3,43,0.4772074575259939,0.48918670320776975,2.3165381330764643e-05
3,44,0.5062548203578819,0.5004366536604639,8.505714287266595e-05
3,45,0.5178053314759599,0.5106439655240727,4.794399690837037e-06
3,46,0.49732336312372477,0.5000638677473208,0.00016551943137100132
3,47,0.5175335243466658,0.4954643568148951,2.8845169507709087e-05
3,48,0.48035253517669835,0.4901882792533806,0.00011754303173044669
3,49,0.5089946697148544,0.49967259464879193,1.8042674627775306e-05
3,50,0.49335682526729996,0.49567877839862584,4.082697578294304e-05
3,51,0.5072998044489956,0.4890570669445425,7.820821997479709e-05
3,52,0.4846614851111528,0.4938216134722303,0.000136250681606547
3,53,0.5059845453310865,0.4980764992092651,3.584528510606546e-05
3,54,0.5005759165082493,0.4907306558144711,0.00017172587789438237
3,55,0.4880184517927893,0.4959994540467442,0.0002499788776157073
3,56,0.4673671163890032,0.4781914325114593,7.465055758487224e-07
3,57,0.5006126328308419,0.5023669218268492,5.653541032392972e-05
3,58,0.5069312090124793,0.5141546931171173,0.00027209303752092023
3,59,0.4935352802906725,0.49784375187235536,0.0005657896935426335
3,60,0.47845783171720113,0.4820113936885772,3.346904449291066e-06
3,61,0.4823361857307617,0.49749542239172045,8.534574810241429e-05
3,62,0.5005536685295802,0.4923712979790494,8.302319156968981e-05
3,63,0.5095234144545363,0.5024147944452054,0.00022554049087457025
3,64,0.5012909536140331,0.5052982678662348,4.1018311964802745e-05
3,65,0.5090365547039265,0.49574030667916497,5.7815883236557806e-05
3,66,0.4957082643751921,0.5006417580992605,8.369488635954845e-06
3,67,0.4846100198358774,0.4831874749812631,0.00015453485213218896
3,68,0.5042751007389086,0.5018489303263522,2.1344776654829893e-05
3,69,0.5153331675040266,0.5113989765398856,4.289704068855261e-06
3,70,0.4776089181126944,0.48234222182521763,0.00013477729490327686
3,71,0.5086974491500315,0.503840169624769,1.776880589055024e-05
3,72,0.4855479346336474,0.49475393819366437,0.00010765969382155802
3,73,0.5176707796480824,0.5087952830653917,7.656906326735947e-05
3,74,0.5004888477898533,0.5045878631501401,0.00015382057716402942
3,75,0.5136372615725705,0.5074239702122051,4.911653760410262e-05
3,76,0.49359783413214886,0.488869911681923,4.955317608835722e-05
3,77,0.49822519810067056,0.4983806492199657,0.00021537566800338852
3,78,0.48313472912830735,0.4887238933468294,7.7994470978341e-07
3,79,0.5137581955881121,0.5117426204724727,0.0003331559763121691
3,80,0.4959391849221555,0.5064181064887026,5.846171275218413e-05
3,81,0.487491127698698,0.4932356398456518,5.4401110598936744e-05
3,82,0.505900958009535,0.4973104723490508,3.0160838313170342e-05
3,83,0.4887243819311223,0.4898665225745931,7.531929309877321e-05
3,84,0.4904398438166085,0.5018146748604966,2.7388702752865594e-05
3,85,0.4871536640702269,0.4943458086877388,5.135162067462866e-05
3,86,0.4988289368785646,0.49702687269318097,2.281402195171613e-05
3,87,0.4853880163514132,0.4858574165408379,1.42796618090223e-05
3,88,0.5149480613165797,0.5028361428947765,0.0003078041113887698
3,89,0.49150039729570144,0.499643835872021,0.00020012987961387786
3,90,0.5207180581627401,0.5054437330948808,4.930425623513884e-05
3,91,0.4963263020583827,0.506646450319948,4.16567566782875e-05
3,92,0.49778130760088535,0.5031922943734696,9.12891816007866e-05
3,93,0.49893806958201814,0.5041336374615591,9.066998181628678e-05
3,94,0.48511423616385907,0.4924690033888552,4.081592331951402e-05
3,95,0.4882932787963819,0.5001880116830121,0.00034436333976640206
3,96,0.501034137110773,0.5073616596633503,0.00021013952793030183
3,97,0.49075334070162224,0.506767231156631,0.00018100703534105992
3,98,0.4997586855010188,0.5003061559708165,3.5846587064961784e-05
3,99,0.5182138161256626,0.5015359597566716,4.7677906732218285e-05
3,100,0.49524895660874124,0.5002287780597612,6.713410507832699e-05
3,101,0.4827967314691278,0.4859552901069562,6.049200833780901e-05
3,102,0.49275801347924736,0.5002463869577142,0.00023847666593645493
3,103,0.4956390252592159,0.48978148101689833,5.833777913131237e-05
3,104,0.4848695187511442,0.49363499639892927,2.9843327021410384e-05
3,105,0.4904763816685703,0.5039147751073475,0.000664610016223788
3,106,0.49680470808807836,0.5064394204826314,5.273011954526104e-05
3,107,0.5010256828757631,0.4891660005438555,0.00016115929275583685
3,108,0.5237757742895297,0.5107278643330115,0.0001520056543565918
3,109,0.5153844207792148,0.5029631342599388,5.744686523641246e-05
3,110,0.4931208002422349,0.483158939488859,3.550005892332102e-05
3,111,0.5043614013349633,0.49950178474373613,0.00010746041842088731
3,112,0.5171202698102243,0.5040988843424039,7.044657039080919e-05
3,113,0.49773320899755574,0.5012463145170976,0.00010004451860012388
3,114,0.4868939627313382,0.49603325707029755,6.372057423996781e-05
3,115,0.5093491457545012,0.504080406973638,2.3556574350349364e-05
3,116,0.5013846058993953,0.5051418591089532,6.033061008084762e-05
3,117,0.522216349812628,0.5162535167694968,0.00013423579112110815
3,118,0.48963772066935607,0.4944296740604419,1.927431173335886e-05
3,119,0.5152601828527484,0.5035111026435924,4.104545682429616e-05
3,120,0.5108776339281142,0.5190997623787942,0.0005017155077757461
3,121,0.4858600181273531,0.4896466971359418,0.00025633326008231617
3,122,0.48693300863116146,0.49524214461166155,7.794764607338395e-05
3,123,0.5105867207399132,0.5015654197807222,6.812201636366197e-05
3,124,0.49389629364788157,0.5035749693774043,7.776067752316298e-05
3,125,0.5140685527449448,0.5083905308719141,5.6984581445242494e-05
3,126,0.5056712995444852,0.5012188957240463,1.4950577756746536e-06
3,127,0.5031370252345111,0.506676640278836,0.0003365968309262964
3,128,0.5169494416801681,0.5094498264828191,1.4304441732502363e-06
3,129,0.48306753066753594,0.48914184156634205,0.00011256582588046116
3,130,0.4899209325562931,0.502252505109761,9.006851630889983e-05
3,131,0.5041206008838933,0.49447537630760763,0.00015293057820336446
3,132,0.5014213662454458,0.4819068120736019,5.17771482561635e-05
3,133,0.5237004343954365,0.5111244568489074,4.1096678984055755e-05
3,134,0.5105354615516383,0.5201461386368499,0.0002201640058414277
3,135,0.514600069734741,0.5093052008287096,3.936662497683722e-05
3,136,0.4974898975457094,0.5024100884448869,5.5176394146842485e-05
3,137,0.4955506990634993,0.5018948832074795,0.0001246984064046136
3,138,0.5275717784969041,0.506384955535182,6.147988872353445e-05
3,139,0.4945983792969598,0.487697787512082,0.0003119828039212343
3,140,0.5028673790550348,0.5011140993156045,9.201487081115547e-05
3,141,0.5073017313381093,0.4974361588790482,0.00010688611384541891
3,142,0.4860534905347139,0.49748912026583875,7.977390622280746e-05
3,143,0.5002338229882859,0.49759494967620255,5.475688131875992e-05
3,144,0.5108325859369809,0.5096885898050395,3.501961674718058e-06
3,145,0.5144627967549247,0.5070165785535136,5.351493211244366e-06
3,146,0.518660326216062,0.5109830707343067,5.0484204136682926e-05
3,147,0.5060476578140146,0.5034385887180653,0.0003254530859940186
3,148,0.5168244607216744,0.504148781852484,2.5173913928815562e-05
3,149,0.46758697436404295,0.4754968814195672,6.434646862859934e-05
3,150,0.5031243108280847,0.5070192201778133,5.072181323923228e-05
3,151,0.5035677451070206,0.5087717968133877,0.00023372249289783427
3,152,0.49152794234711067,0.5008027507196748,5.3366811146453754e-05
3,153,0.5208973048600092,0.5112707100468862,0.0002964359818965726
3,154,0.49200633756695633,0.49351181287215523,0.00034198442984717894
3,155,0.520627138277716,0.5063312033989212,8.807012709172508e-06
3,156,0.5158129854895165,0.5090354495304222,7.382491266810515e-06
3,157,0.4915100710115564,0.5003961981136286,0.0002402693077138353
3,158,0.4973332031572039,0.49584938436287196,0.00028852557200874796
3,159,0.4810481222758736,0.48631771645652133,0.00011016550545506947
3,160,0.4757961446669007,0.47596326448897047,0.00010442900836513816
3,161,0.5113316127934653,0.496361187102474,9.767326743180314e-05
3,162,0.5038108201067484,0.497924875278909,5.378936777432091e-05
3,163,0.4909506969646311,0.5025423604703448,0.00018773035768694372
3,164,0.5032484120431403,0.5088544564079839,0.00019399050731542608
3,165,0.49275660724051745,0.4952956618450328,0.00010803175943256219
3,166,0.5262620667124289,0.5172106982717894,0.00020764812152087054
3,167,0.5183272118314416,0.5079328980063728,0.00014615697485791975
3,168,0.4908469696912771,0.4995404851183549,0.00023755908191257818
3,169,0.50982917604451,0.5059094641047385,8.444383101180396e-06
3,170,0.5011670215925588,0.4963674110566407,3.4518709325345704e-05
3,171,0.4993384493549265,0.501352430209359,0.00014386635052354864
3,172,0.5109254787100306,0.5048611672797885,5.1903746099745754e-05
3,173,0.5194165199767092,0.5107360810289777,0.00022260450540415995
3,174,0.49557932071510413,0.49703748900049693,7.002181942390457e-05
3,175,0.5003412299691927,0.49916708950443356,8.028254804481088e-05
3,176,0.5041984278257716,0.493852333407851,0.000109267693136457
3,177,0.5116629714544111,0.5063880006042426,5.736039437691976e-05
3,178,0.489706925817527,0.49553512779423897,3.0307356092757553e-06
3,179,0.49140790128400036,0.5102394152644891,0.0001161002698063419
3,180,0.492801845963134,0.5036041010890799,0.00020112578899555617
3,181,0.4961176986270267,0.5012674172403974,2.2565465829860073e-05
3,182,0.48734723301150773,0.48899014153897313,4.275582997107188e-06
3,183,0.5121289256847762,0.5139626095989023,5.598347372292413e-05
3,184,0.5136110185053769,0.5059093192145532,0.00015065068694918146
3,185,0.48280532269836757,0.49001030107815813,0.00012291449351164118
3,186,0.5009267669027823,0.5001536284813473,5.672837419531824e-05
3,187,0.4864501301064724,0.493177196981822,0.00020347887998528084
3,188,0.49135610321258566,0.5013448172006374,0.0002155617666864898
3,189,0.5008353942867753,0.5030817393324883,5.8526465250440396e-05
3,190,0.502716104099591,0.5008483469496388,0.00013684672709767822
3,191,0.48434378709723436,0.4936389081784909,2.3234098622322472e-05
3,192,0.5121889158865598,0.5029118939475318,1.2348926332659672e-05
3,193,0.5029088804654337,0.5031416910724031,0.00010007048902003498
3,194,0.5073564359406209,0.5113317300274637,4.3522666728427e-05
3,195,0.47771356062958453,0.49741080231454815,3.132526538580827e-05
3,196,0.4943521671799297,0.49913303715670587,6.272767343983687e-05
3,197,0.49809486560208016,0.507357379157661,1.843012461674366e-05
3,198,0.4983677455945699,0.4932782760863445,2.0222361453609906e-05
3,199,0.48088249654151377,0.48838455487236593,3.6856989055631016e-05
4,0,0.5005785602461769,0.5028750370883897,0.0001277560251528287
4,1,0.5005240485621079,0.505479533630063,3.887407365350946e-05
4,2,0.490677229320135,0.5011032532081863,7.113831673069612e-05
4,3,0.5029804688625258,0.4964552702582178,9.142028912340506e-05
4,4,0.5088248182574725,0.5113675072711955,9.593176603184999e-05
4,5,0.5210341173642814,0.5111077379357463,4.005454169155422e-05
4,6,0.4958706930503736,0.4940669311915897,5.334127748830627e-05
4,7,0.4796738332123767,0.4894505705675317,0.0005945196559647223
4,8,0.4870821273777477,0.48761264133203724,0.00011615433863635366
4,9,0.5089650034856122,0.5082645963319766,0.0004683984970610313
4,10,0.5080315875503256,0.49678634797082716,1.7481258051612716e-05
4,11,0.5035294330025517,0.5008684445574295,5.004272422283519e-05
4,12,0.4952601013106432,0.5028902714952612,0.00025593061592456046
4,13,0.5084616794632641,0.5143357469915886,8.26754109381465e-05
4,14,0.4793926971225618,0.4899267898765913,0.00015804806823703485
4,15,0.5017821357551183,0.48519301511382285,0.0003082240410446215
4,16,0.511653448828075,0.48903621011147846,0.00013526545014203587
4,17,0.5038938404707604,0.5076258022487488,0.00015810003331831083
4,18,0.519826755894906,0.5098744206322496,5.957853935454318e-05
4,19,0.48863917553897557,0.4916218227284348,1.7500070546836373e-06
4,20,0.5283971281794657,0.5080213279746956,0.00011483045652489838
4,21,0.5036552393220284,0.5041095827691265,2.3023254691571933e-05
4,22,0.5258364336325256,0.5077952381702328,4.294643697696382e-05
4,23,0.5138283713505412,0.5092688361377505,7.611025380078174e-06
4,24,0.500362444814516,0.4880978889247074,1.5923448520425898e-05
4,25,0.472706879392129,0.49034461412100827,0.00042053097783904445
4,26,0.5072261890429375,0.5013651106912622,7.111873624097387e-05
4,27,0.4834486954468263,0.49003936835978684,6.10818108548973e-05
4,28,0.5017732351839518,0.5096655790380736,0.00014727387493260422
4,29,0.5061179797845065,0.5087127199480864,0.00021179799810127346
4,30,0.4975021719716568,0.4994726899964799,0.00023994190309889146
4,31,0.5045181582085994,0.49437195134654893,3.7352168912104516e-05
4,32,0.4919119874624562,0.49930989927971176,0.00038123757001335914
4,33,0.4828612948484442,0.4889937755322371,6.058928538253365e-05
4,34,0.5178605272209624,0.5166908634692781,3.119770596392547e-05
4,35,0.506357199485535,0.5041849465867763,2.837123436318916e-05
4,36,0.5063170437444728,0.5052875681375733,6.332224355782506e-05
4,37,0.4892843676426194,0.5080622005164849,0.00018731252046124655
4,38,0.5077652721850657,0.5005571285032896,0.00026341374540359274
4,39,0.5095889443585488,0.5066951414835861,1.9249665743462733e-05
4,40,0.49661091822346676,0.5037530370109154,7.022939915142192e-05
4,41,0.48332927755210786,0.48853050773790235,1.78632475784019e-06
4,42,0.48743806838662534,0.49471149251529206,0.00014201639576350928
4,43,0.4973361048835214,0.4911042364011511,0.0002177461155977601
4,44,0.5193481860991195,0.509008143247181,1.9875339313222863e-05
4,45,0.487701017699709,0.48314929379852134,7.445681720643804e-06
4,46,0.4799917483819936,0.4860373949673079,2.5922039466678495e-05
4,47,0.48068256165368894,0.49220786737844435,4.37862775425913e-05
4,48,0.49382357809830757,0.4912032750878279,7.207276170792286e-05
4,49,0.4947159307799022,0.4971468705402592,6.172221816919517e-05
4,50,0.4979299077462887,0.4970635165599039,4.515536494535053e-05
4,51,0.48896928997905353,0.49097113836948664,0.00018148482748719122
4,52,0.5137108091152516,0.5153527506938465,1.7477217813895046e-05
4,53,0.5009733280932314,0.5008791102940036,0.00014683047296117056
4,54,0.521937359805465,0.5121458831711352,3.389086057749325e-05
4,55,0.49845794840287005,0.5030330764801284,0.00044124963814147565
4,56,0.5180032538829596,0.5064086232202718,4.6445790913133245e-05
4,57,0.5110169628708372,0.4960233583929975,3.578314895605771e-05
4,58,0.5131522283127645,0.5141575039267621,8.85652671153e-07
4,59,0.5013232374380182,0.4933441641591886,0.00017981293707153845
4,60,0.49113676138095186,0.49783346862219086,2.5816567103477897e-06
4,61,0.4859906710555928,0.4995215309272656,0.00010442916420227406
4,62,0.4839724280121366,0.4993666232467368,9.067303461340904e-05
4,63,0.5044493073028364,0.4988140713488531,9.517509503257271e-05
4,64,0.5098621865634104,0.5140054752242059,0.00018940560181194267
4,65,0.5140499798396442,0.5108316997363516,0.00019737089569404383
4,66,0.4982896746337937,0.4993161985084751,7.510986302160679e-05
4,67,0.5107797182311998,0.5201293031032164,0.00014588513630448834
4,68,0.48747976734240855,0.49832017526789285,2.6061538858339623e-05
4,69,0.48967042655852133,0.49757967208506926,2.10755921388542e-05
4,70,0.4963318792391689,0.49391684159593785,0.00018386683669576715
4,71,0.524129475782302,0.5156934226511086,4.993281808969797e-05
4,72,0.518583430161022,0.5141295629030408,9.849829163911678e-05
4,73,0.48145365751161245,0.4938072517041903,0.00015906490409205303
4,74,0.48502113171127564,0.49574976323923947,8.862270388001614e-05
4,75,0.503301107141697,0.4990503648796212,4.273217335402371e-05
4,76,0.5104008163187347,0.5060078753844637,0.0004749044612580535
4,77,0.5086307549148131,0.5003416907306854,0.00018241537438409508
4,78,0.4934420421615082,0.4927285506202477,0.0001689228032469122
4,79,0.5178756473443199,0.5122620352701206,1.5603916883495473e-06
4,80,0.4958128836405889,0.49824220235530947,0.00031686421292633393
4,81,0.5113600163701645,0.5130989398283462,8.156953084146106e-05
4,82,0.47757649937904095,0.48879792012521034,0.0001047169765382067
4,83,0.5000922348937712,0.5052627817663332,7.086122128516972e-05
4,84,0.5068923236279983,0.5038865373697338,0.000342672949476816
4,85,0.5015163338755592,0.509666421020948,2.8893390831963722e-05
4,86,0.515861704212347,0.4968461114167962,2.968714562715819e-05
4,87,0.5109843290814218,0.5053499555019129,0.00020411924512527303
4,88,0.5003383068515104,0.4915715166453841,0.00010666451116718942
4,89,0.5126055865165148,0.4974036785459665,3.152983428159958e-05
4,90,0.493985376818045,0.4967037670282822,2.8127407621279753e-06
4,91,0.49792613811525227,0.5019301544147416,3.6681733171542468e-06
4,92,0.4964070241357652,0.4985831726176565,0.00013847569013520443
4,93,0.5049403349261437,0.5062070106495996,0.0002613599885367128
4,94,0.4994770885739636,0.49937439144187556,3.721559040681274e-05
4,95,0.4812206440869149,0.4957755864414793,5.200154588636512e-06
4,96,0.4960586413324108,0.501204145978727,0.00011417132727510974
4,97,0.49616372047286883,0.5034866413267945,0.0001246216278796714
4,98,0.48411347967956797,0.49748198756847156,0.00015299445662795322
4,99,0.5085006332646232,0.4982818715007784,0.00010128214972518304
4,100,0.4927454401602653,0.4974282636135555,2.1775943293575918e-05
4,101,0.5220636773799338,0.5071395088686647,2.3616349034636612e-06
4,102,0.4922728331558369,0.4941844131240084,1.7703556772178726e-06
4,103,0.4938669692577384,0.5069261349393807,2.0662249078865565e-05
4,104,0.513821780549668,0.5073379442784242,8.334250101356136e-05
4,105,0.49865324651042614,0.5061740193218361,0.00012464954604600968
4,106,0.5152555419231765,0.5074948071057599,2.186265806066496e-05
4,107,0.4996328585771653,0.49849938631666985,1.5121707405116345e-05
4,108,0.49445590538379064,0.4978737434878908,0.00011428478716463685
4,109,0.49659202144999365,0.5036942878436593,4.3164101824032925e-05
4,110,0.5043525320904809,0.504151234970125,0.00020341336431828664
4,111,0.496319581026623,0.48399610969606766,0.00016708452547963565
4,112,0.49925407572081515,0.4978628769413002,9.933400471233777e-05
4,113,0.5185588342880509,0.5051735589722116,1.861256440924688e-05
4,114,0.523026152924501,0.5109610393893529,2.4279534902895993e-05
4,115,0.4838337504775872,0.4837457660447498,0.00026022020797596005
4,116,0.4979236710797421,0.5026010014532556,9.209087669682096e-05
4,117,0.5124545194396964,0.5028189530392132,0.00012774117424652003
4,118,0.47364053684688034,0.497298521785144,9.683259774098392e-05
4,119,0.49725785277887874,0.494821629022268,0.00031485866047910294
4,120,0.505448017195672,0.5054924598127088,8.633399446151486e-05
4,121,0.47941445930669024,0.4883831616553259,0.0001597758855929096
4,122,0.5143538244469185,0.5087741743847524,0.00036017993166367136
4,123,0.5030552270055867,0.5033629792693108,0.00011440829514626173
4,124,0.4904615266118284,0.5025970657851394,0.0002503287363851475
4,125,0.5087552827550095,0.5032356920381829,0.00024285237659136855
4,126,0.4875291089552701,0.4927736598594704,1.4921663292014157e-05
4,127,0.4985809067932342,0.4911273622728336,8.556030820847036e-05
4,128,0.4914973592388921,0.49833403240880086,0.00010619600468545229
4,129,0.4948978321590537,0.49271568347232336,6.263188163731771e-06
4,130,0.5084576837949208,0.5040210674311806,5.9557229190338765e-05
4,131,0.4889658426578104,0.4918568280444331,0.0003160034525132355
4,132,0.480054799065506,0.4869232169396901,1.6404617161854934e-05
4,133,0.4911850783613093,0.5024196546941183,0.0005023623602655708
4,134,0.4813187147764169,0.492974814403512,6.837492764023417e-05
4,135,0.5178949005137047,0.5129167205729366,2.064904544024311e-05
4,136,0.4944355505404379,0.495628464036968,5.6458967352874074e-05
4,137,0.5008135154941442,0.5004309574117911,3.973501905646029e-06
4,138,0.5131910318470532,0.5038827240726459,0.00039220520680303814
4,139,0.5065221687123104,0.5041535412020702,5.752066533324879e-05
4,140,0.5015905177735994,0.5076426068513189,7.161219012272383e-05
4,141,0.4826571095425168,0.48807916428417447,0.0002796893168265986
4,142,0.4960048256897902,0.4995758660984743,3.7381193477416763e-06
4,143,0.5152229493416554,0.507435763303374,0.00016928303642483708
4,144,0.47664755156428956,0.4904941485817485,8.291212539153286e-05
4,145,0.5011978643216181,0.4972897208974273,9.138576759855168e-05
4,146,0.5049672899535308,0.5063673309383752,9.213521064069754e-05
4,147,0.5037875227283863,0.5023169588556017,9.079770478383506e-06
4,148,0.5119767614388244,0.5182110170787927,0.00034805092458352934
4,149,0.5155494906593697,0.5062791171028501,0.00013021138423363753
4,150,0.487632526500248,0.4827922664633819,8.149485508845478e-05
4,151,0.5139960259292761,0.507568607710859,1.76689866455955e-05
4,152,0.5024666722553288,0.5028697909432618,0.00019102330127454878
4,153,0.5033734697535802,0.4944377478754355,2.009178027875293e-05
4,154,0.5054752038993103,0.500227038486642,0.00015532987540432802
4,155,0.4990913500075467,0.5037966289264276,1.2686670976819706e-05
4,156,0.5113480309859426,0.5097847333758341,4.282609168320085e-06
4,157,0.4776246920152868,0.49332154965219444,0.00029225929481711306
4,158,0.5190057405969161,0.5146815483444594,9.98472374893194e-05
4,159,0.49267190569042846,0.4993724955174582,0.00018807330682782338
4,160,0.5037247825173017,0.49932730096783723,0.00026575277849882407
4,161,0.4954477694371492,0.503481875839429,0.00014040286534509842
4,162,0.48707622907964754,0.48523858692158534,6.409356035549963e-05
4,163,0.4934232026456622,0.5043106984786684,7.977693615960822e-05
4,164,0.4976211227497864,0.5059745600886676,5.194675990666432e-05
4,165,0.5006130503343131,0.4918895527071972,0.0002046917152450891
4,166,0.5032297750886091,0.5056680265528083,4.991876486010614e-05
4,167,0.5197970525544121,0.5134058623722044,3.851021523081511e-05
4,168,0.5126395719581895,0.5005679249123682,5.599590282317805e-05
4,169,0.5014580622260627,0.4969747671726112,6.307543598883564e-05
4,170,0.4945287051804981,0.49249049106866294,5.732452365580763e-05
4,171,0.5032221634499113,0.4996515123650346,0.00033199647519480764
4,172,0.5120067521261832,0.5048153790258597,1.5982352620545963e-05
4,173,0.500839254397899,0.4867883316694258,8.746390580545199e-05
4,174,0.505671210325409,0.50379009522637,8.321997083539262e-05
4,175,0.48888144594125127,0.4905739922764357,6.46620848910306e-05
4,176,0.5038296073952993,0.5107455848424606,1.7731187895070705e-05
4,177,0.5008072264589206,0.497606439674055,5.1516368890477856e-05
4,178,0.49376368100354123,0.49307225478762434,4.2565341097639246e-05
4,179,0.49608250229907835,0.49785350553630603,5.4270912531118195e-05
4,180,0.48392412944977964,0.49990068370330903,0.0002851459082528698
4,181,0.4952704644881387,0.505239651744757,0.0001376165876531338
4,182,0.5126688492513267,0.5047091212126573,3.8129054864391046e-05
4,183,0.4899476281406349,0.4886899076971108,0.00019768592092809479
4,184,0.49174415637699287,0.49485315190408563,6.620983332387861e-06
4,185,0.4902093702611322,0.48286692256666935,0.00018587613496395285
4,186,0.5116298624699471,0.5002526845981369,5.636264211660557e-05
4,187,0.5093512149268385,0.5068208644814443,4.212645598320595e-05
4,188,0.5007380240207105,0.5077309831856398,0.00026332139284661695
4,189,0.5155041136766229,0.5171557707235903,8.8042961862865e-06
4,190,0.49299489763399984,0.4993063926013768,0.00012324299337554344
4,191,0.48998994886619385,0.5048912253273732,7.31675980155418e-05
4,192,0.5109443378616876,0.5024738102091377,2.7169481395460848e-05
4,193,0.499778173560093,0.5001888902837329,0.00011568554567033594
4,194,0.48770896360253485,0.47819494568301685,6.572934322326197e-06
4,195,0.5099636251696148,0.5008039908270562,0.00022820261584873482
4,196,0.5020209511083236,0.5053605199577726,4.756264449501097e-05
4,197,0.49994778838206666,0.4989510230907466,0.00010520568207273341
4,198,0.48826315400533604,0.499784410180286,6.572613671288109e-05
4,199,0.47520423806398815,0.48883020356377493,0.0003935338870852231
5,0,0.5140895899206093,0.505932358805282,3.9101991827366045e-06
5,1,0.5000975990447315,0.506082546869974,2.5022723122624075e-05
5,2,0.5088008554015316,0.5039379021576694,1.131118993425594e-05
5,3,0.5141159854702465,0.507685020223999,1.0479092655901336e-05
5,4,0.4895642133043303,0.4981497049561137,0.00025306497333803257
5,5,0.5146811097955989,0.5089681505699963,1.3769058421202254e-05
5,6,0.4882821307057346,0.49210444403699255,0.00014842444223993882
5,7,0.5163577312885885,0.49829170343403906,3.7963500811340724e-05
5,8,0.5049570102913146,0.5038803319096368,1.3630710062295498e-05
5,9,0.49468680232408235,0.4942617177620322,0.0001605365323511613
5,10,0.5040238195265141,0.5065447606862596,9.277947130548889e-05
5,11,0.48455680936618717,0.47973514305196785,9.421981821273207e-06
5,12,0.5153295629502019,0.513668381266126,0.00016785654368239018
5,13,0.47194207234311375,0.47907472839184484,0.00020691647918359663
5,14,0.48175415455965137,0.4939833326738928,0.000937552182334673
5,15,0.4919057859789359,0.49138507894796846,1.773072146412337e-05
5,16,0.49916653990494964,0.49899375100583016,5.104215127422634e-05
5,17,0.50594138824727,0.5091884343215766,0.00021916632725228364
5,18,0.5091204022950495,0.5044422248825509,1.8535788869618888e-05
5,19,0.5132515675955273,0.5092136561495338,0.00011278067665999212
5,20,0.48580851945073855,0.497658331208201,6.896641776972602e-05
5,21,0.5103092336784824,0.5079123173324267,0.00013385164492531017
5,22,0.5093808380197344,0.5001883238159665,4.443131462359701e-07
5,23,0.5282534388800295,0.5051851560880626,0.00017020246648065287
5,24,0.5066541869589075,0.5039886699249374,0.00011817100501532885
5,25,0.47806892841189264,0.48525795763200763,4.925860574648508e-05
5,26,0.505964961640029,0.5019680730271173,1.6252922535583993e-05
5,27,0.47038816316021725,0.4821196731477684,0.00035684056088263177
5,28,0.4975811270697312,0.5074161564009401,0.00015223543491402834
5,29,0.4814364825684394,0.49377760296388734,0.00014280724238803578
5,30,0.5218525802627196,0.5128250017023654,0.00026331033418577524
5,31,0.486796647668293,0.4953058447014847,4.106522449377707e-05
5,32,0.4797078671369557,0.4917325831741367,0.00015909823521066845
5,33,0.484146624822866,0.49231333455160975,9.55597864144667e-05
5,34,0.4919967020780584,0.490450006298886,0.0003182269500631491
5,35,0.4950146422393368,0.497987080746055,1.1395030016991451e-05
5,36,0.49551001530819266,0.49704511090752673,0.0005478179154337812
5,37,0.508445451790356,0.508714782801111,0.00012397127067196218
5,38,0.4921912055308821,0.49017533849080713,2.0523809807218885e-05
5,39,0.5140805597516598,0.5054264332521649,8.141804445916581e-05
5,40,0.4940300931601728,0.5068680119481528,0.00010948095401637415
5,41,0.4944827006901465,0.5002259081645299,0.00014327162876971454
5,42,0.48416906411348204,0.4877535400759866,0.00041793540397643984
5,43,0.4868551128244955,0.48235132801026176,6.848669853549755e-05
5,44,0.505370052508165,0.5045192826585394,1.2175707520003281e-05
5,45,0.5061178311325857,0.5105266965264034,3.5139846157966106e-05
5,46,0.48525260488974653,0.48738390747811766,5.201289269463818e-05
5,47,0.5035901254599647,0.503003652025911,0.0001204211314477773
5,48,0.5049203950466085,0.5029370925061918,0.00029363246029549854
5,49,0.5047385317163191,0.5056525965489355,0.00038985950365456786
5,50,0.48502536220966963,0.4968198076104742,5.5901870833907405e-05
5,51,0.5045925040155551,0.5047428377242412,0.00038578180144308244
5,52,0.5015493884303822,0.5031994657601503,0.0001297727924038573
5,53,0.4959094462459553,0.49793030475967043,7.608608825512927e-05
5,54,0.5092305071714709,0.5059619276072026,4.1243699122490344e-06
5,55,0.5019016032288266,0.5000364735705742,0.00012917914867521506
5,56,0.49650305220228835,0.5044173177996726,0.0002387915389049472
5,57,0.4953483615868621,0.5056676508011839,0.0001981843479068482
5,58,0.5014505605355951,0.49760499938384056,4.296575653704686e-06
5,59,0.5043440273382049,0.5011867654196789,5.505403301986942e-05
5,60,0.5001261922039233,0.49467181439972363,0.0001647531090263952
5,61,0.5015778965283009,0.4955509739468519,3.184257877594448e-05
5,62,0.5039813295772717,0.4932556346904365,1.0410161254085824e-05
5,63,0.5009237530233593,0.4911998442786893,9.411522567780906e-06
5,64,0.4925907243337133,0.49980754289564766,0.0003907414940352934
5,65,0.49128683847692584,0.5006756855531473,1.4431965013378395e-05
5,66,0.4835338531023362,0.48926035927699457,0.00016003934909598335
5,67,0.49151855024152485,0.5080274275308668,0.00023222139505601092
5,68,0.49356479602557823,0.49479406629823103,0.00018619144860041907
5,69,0.49203149212540015,0.5022675001168692,2.7544881425830025e-05
5,70,0.5188840711524588,0.5059944053550243,0.00017100991993028073
5,71,0.47439981422218835,0.48848976710860414,9.34805069828337e-05
5,72,0.4954887049476079,0.504693505642154,8.04309838218384e-05
5,73,0.49270215321098226,0.49326590883240284,0.00019730645486449103
5,74,0.4947697093307086,0.49753986003166983,6.672170088554233e-05
5,75,0.4950971925244659,0.5028950892162517,4.763213138856843e-06
5,76,0.5027333287859191,0.5066263677568562,6.168591497399524e-05
5,77,0.5053478301719215,0.5053510317854859,0.00021095217985662144
5,78,0.5067459003361025,0.5033492078591292,7.314220564531614e-05
5,79,0.5023426156322024,0.5049030928571404,2.3065475235258254e-05
5,80,0.4993006651557177,0.5007015537380182,5.5862100771219455e-05
5,81,0.4893858199259035,0.502946550294414,0.00021433155716564078
5,82,0.4835661903352608,0.49326858311728644,8.705213127229104e-05
5,83,0.5179150403897369,0.5106645862941562,0.0004208142322310396
5,84,0.47521150362653,0.4852363269189193,6.908020090222054e-05
5,85,0.49918519634030334,0.4982669363515577,8.781633110152769e-05
5,86,0.5063059459815487,0.5086577274409035,0.00010880759814829953
5,87,0.4904593489638824,0.49518762975828146,0.00041426743094981935
5,88,0.5248161162061492,0.5086688560680049,0.00012553325613802354
5,89,0.49962145957414544,0.49553715536437515,0.0002089857061008401
5,90,0.5127967088159601,0.4945996529810561,0.0002440494066632475
5,91,0.5107075742592078,0.5129218032316248,3.627528316073118e-05
5,92,0.487256707012493,0.49165300535870465,0.0008363813796762157
5,93,0.4834410775535341,0.48863856186008103,0.00017164240395270525
5,94,0.5071896005372313,0.5010325490590283,1.450948831017762e-06
5,95,0.5128252447868054,0.5086814329152574,0.00010807931356227964
5,96,0.4790592281750589,0.4868937266415159,1.5083697957424157e-05
5,97,0.5200162450098028,0.5083071469967761,6.996714023488066e-05
5,98,0.49542713463102805,0.4993735731116644,3.0993331505759475e-05
5,99,0.5006849472764715,0.500026955663326,0.000335086999686098
5,100,0.49379754949366444,0.5013336797648805,8.35493673857535e-05
5,101,0.4961105617863807,0.5056535868385643,1.672571346698186e-05
5,102,0.4929602075466775,0.5036373860504202,2.095707751168807e-06
5,103,0.5154303105392607,0.5092162416739101,7.917598391205832e-06
5,104,0.49115659628874114,0.49499340701117556,0.00018691463529510398
5,105,0.4935702519402916,0.4939871041798716,0.0003133505484118991
5,106,0.46888815739499207,0.49538014350056564,6.076960539018249e-05
5,107,0.49606066616100175,0.4906136567110868,1.9465497505354043e-05
5,108,0.5047329875937574,0.4987827527742855,0.00015397597219776377
5,109,0.4937824728260552,0.48602035111503644,0.00021547394044223642
5,110,0.4956502221279758,0.5006545500156561,4.953697960386503e-05
5,111,0.49364695229137284,0.5088403519201735,5.263545704796562e-05
5,112,0.4765090147272301,0.4931203113763318,8.7270639495579e-05
5,113,0.5143365165443502,0.517489564422441,6.183365797628327e-05
5,114,0.5020218964167292,0.498769035766039,5.923963306935401e-05
5,115,0.5058948782599841,0.4990153601977912,3.8936638914988876e-05
5,116,0.5080480749821942,0.5049800909006789,4.966194432077225e-05
5,117,0.49892627647208826,0.509520698540497,0.00022478712635423426
5,118,0.4942938253065169,0.4938360310112973,3.0994237238269125e-05
5,119,0.4906658804012268,0.49362888765546703,0.00011095481383275968
5,120,0.4796698621896368,0.4805384561289475,0.000178006539120465
5,121,0.5046361214172598,0.5040830627866012,2.5118891953208652e-05
5,122,0.5078194745441267,0.4943133973244504,9.000235988997876e-05
5,123,0.498761027752259,0.5083571600983364,8.316450780826767e-06
5,124,0.5074036750394247,0.5022634160469837,0.00010602305384570926
5,125,0.5004154182833436,0.49773031664704787,0.00013414410557024135
5,126,0.49901593023603263,0.4984779009739718,6.173427530295012e-05
5,127,0.5031247541852842,0.5116945739611102,7.740658878727678e-05
5,128,0.49495747797940115,0.5058166268029978,0.00011268606543746122
5,129,0.4841522785925774,0.4935178009537886,4.251545383848674e-05
5,130,0.5214841000741751,0.5143373173262814,0.00010140043506771781
5,131,0.5072395370563344,0.5121820288421683,0.00014805735673247385
5,132,0.49575400542902864,0.4987454362204606,1.3846734157530739e-05
5,133,0.530183062142766,0.5287480489903799,4.6091269179596625e-05
5,134,0.5164291245308834,0.5005474589086026,3.673782331101942e-05
5,135,0.49060042297762857,0.4944059538346743,0.0003103669858528361
5,136,0.527543917682169,0.5031313884962729,0.00011748561261974797
5,137,0.5020428423081137,0.49481303578055047,3.1079737079593756e-05
5,138,0.500353196967721,0.509610672213154,0.00010250167065062478
5,139,0.49358550441263754,0.49286169058185764,0.0004470915237700036
5,140,0.4951167974733226,0.4923586554197641,0.00035219451612172577
5,141,0.5122587551843053,0.5028047183285391,1.531102431505007e-05
5,142,0.5014992329077994,0.4929034701055776,4.1813500108967043e-05
5,143,0.4853388367697632,0.4994381589898605,0.0002245560294821895
5,144,0.5070533038256966,0.5037433791545584,0.00012267813251576944
5,145,0.4975621845161739,0.48943854740740605,0.00017957778205869655
5,146,0.48580237098420953,0.5104057261590913,2.9971661105371362e-05
5,147,0.5120517811066118,0.5189443495823993,6.164850630891255e-06
5,148,0.49977925957934666,0.49490385543825677,8.716851000608095e-05
5,149,0.49395595893856076,0.49589487207698424,9.354410129380856e-05
5,150,0.5146751142504213,0.5124291699708893,3.156992253159932e-05
5,151,0.49476827825057607,0.4967357623074612,0.00011001295022529984
5,152,0.5006095542801161,0.5023155208853451,5.273325419326552e-06
5,153,0.5117287895871507,0.5070654879859023,0.00011965280284813953
5,154,0.4965590586106953,0.4923431977540667,0.00019953472393982727
5,155,0.5069340461741043,0.506155222181081,0.00023676929661940908
5,156,0.5100690238155273,0.5021969697827123,2.1339826710868725e-05
5,157,0.5008351885299388,0.4990907395930601,0.00018445897966718085
5,158,0.48929692797112756,0.49903134603487037,0.0003148581832289076
5,159,0.4943683019999493,0.4912920235078351,4.616245233543837e-05
5,160,0.48275533501416307,0.4943007566804658,0.00015092077527995633
5,161,0.5091564036319505,0.5068184585900903,0.0002959074125077313
5,162,0.4864505853978349,0.4855294863701671,2.4378439279803433e-05
5,163,0.5073740495344966,0.4900039992758803,6.404511613966001e-05
5,164,0.5015349007842261,0.4915883866813945,0.0001599270583224289
5,165,0.5099793323596278,0.5015270011953777,5.93429562551531e-06
5,166,0.492162973373638,0.4957905548614431,2.573772093485168e-06
5,167,0.4877298742499929,0.4933768487760623,0.00028606796197141044
5,168,0.5112912984563426,0.5034661936522379,0.0006811293706044424
5,169,0.498489150632192,0.49636225456293437,0.000156945316096635
5,170,0.4948233570532381,0.4998195986752214,7.478316499172909e-06
5,171,0.4917307844394313,0.49665932647336547,0.00027151817318727116
5,172,0.5066672153601623,0.5096135413875511,2.8823703170440686e-05
5,173,0.5038290572479702,0.5078191754041845,0.00016975007349313015
5,174,0.5007408035564807,0.49836341733312656,2.9306607687564796e-05
5,175,0.5064581642358275,0.506255118846554,4.7446060110555076e-05
5,176,0.4997722067034408,0.501036358281101,0.00010556788064482304
5,177,0.5091173489912365,0.5095130811126973,3.518743762799154e-05
5,178,0.5021757197741296,0.5021528445259082,0.00012072519661721432
5,179,0.476700160841345,0.48087384240521514,0.00013932977522401128
5,180,0.5195757349745415,0.5102496739436402,7.505131486103207e-05
5,181,0.492699398746067,0.4991122804066766,0.00016280195926604235
5,182,0.5099506079197608,0.5046084251644365,4.399132483373738e-05
5,183,0.49741233135788365,0.49796335673898207,0.0001668947888258629
5,184,0.5216975878721595,0.5136186474924166,0.00012866929396781928
5,185,0.5092091064131877,0.5037652497491641,0.00012757742197584096
5,186,0.5113307830178128,0.5062507843203122,2.040988830462444e-05
5,187,0.4860834364490008,0.49300357969067016,0.00018966433228922674
5,188,0.5102592299933746,0.5066500338708035,7.428090621177943e-05
5,189,0.47235406702553384,0.4844542476119218,8.256751216926431e-05
5,190,0.5084472739941772,0.501975285865188,2.487027491196515e-05
5,191,0.4930796134956092,0.48581637982004316,0.00010016638394650399
5,192,0.5071470917076291,0.4965905218027134,3.841288580948882e-05
5,193,0.5084040003458326,0.5068852700898309,0.0003230792222430703
5,194,0.4934536028380656,0.495252745630374,5.778773548433619e-06
5,195,0.4934892470735549,0.4994326103606656,0.00016002426424297072
5,196,0.4951244139648023,0.49609650029100466,5.804904054192833e-05
5,197,0.49229797940738484,0.4948633163748939,0.00025834360926200263
5,198,0.5010649572593179,0.4971398480162694,3.320507884832485e-05
5,199,0.5204540650941638,0.5035997031116582,1.2612837212733016e-05
10,0,0.49945570274849677,0.49503228829582735,4.667132915023382e-05
10,1,0.5101993788416486,0.49668030945597313,0.00041663913960070264
10,2,0.4758183393072806,0.49297610867659236,0.00019755644191145558
10,3,0.48383136755158584,0.48946937036484556,0.00013531756392574397
10,4,0.49471864424595413,0.4991075444302994,0.0003084176123844979
10,5,0.5016879586706326,0.5013837216319156,8.751023237481415e-05
10,6,0.5094069660137238,0.5126224437733735,0.00020954708548479934
10,7,0.4962952070908423,0.49737319101213057,6.9196054281096675e-06
10,8,0.4852115489929869,0.4876062992500701,8.000654474538119e-05
10,9,0.4909569622274614,0.5023900731691802,4.749869489146753e-05
10,10,0.5082321201725315,0.4981812362033807,0.00012124780064289739
10,11,0.5010442533265274,0.4962398365001249,6.162586319622006e-05
10,12,0.5033422384132605,0.5026616611527976,0.0001349045846603021
10,13,0.5047456128145328,0.5014733200736893,0.0003613133745280408
10,14,0.49779756074951986,0.4993862604797176,4.183171249604374e-05
10,15,0.49850902864150015,0.4945365028068187,0.00010950053644026086
10,16,0.512861983227486,0.5055256329137481,0.00015336606786364425
10,17,0.5086298154269464,0.49711330775476315,0.0001300697830711553
10,18,0.4991535850015588,0.49919046614844154,4.634461643724147e-05
10,19,0.48218789057254663,0.4825165494383212,0.00015772867962385038
10,20,0.48299863300052476,0.4902550408317437,1.9320627768825724e-05
10,21,0.48402018565874444,0.49446502767682593,9.367656008961107e-05
10,22,0.502306330370407,0.5011532219043632,0.00026771734201779933
10,23,0.48890363287680755,0.49036383109811654,2.2709596089277025e-05
10,24,0.5056149462908791,0.5086299396903344,8.273109036076656e-07
10,25,0.4903031020206708,0.4881362464308069,6.879240147255103e-05
10,26,0.4810864243827903,0.4990847905682214,6.418006274250234e-05
10,27,0.4995263327329536,0.5049257924007924,0.0001692099240403358
10,28,0.48547626284036244,0.4866904435369235,9.533488251190234e-06
10,29,0.470905605439515,0.47869172085887896,0.0006834314831282061
10,30,0.4867186298181891,0.49001435342781186,0.00025047833509226215
10,31,0.4904234432294694,0.49470048801346184,0.0005921088000585093
10,32,0.5024748407332673,0.5022055343971439,7.7558668388758e-06
10,33,0.4952452428029953,0.4979973301052397,0.00012637089575505788
10,34,0.4803771935930147,0.4829877892991098,3.5022637283404844e-05
10,35,0.49496549442687654,0.4885613019338833,2.5534487742128603e-05
10,36,0.5135427247226262,0.5142253193435184,5.32975505287362e-06
10,37,0.511809759570616,0.497592388685511,0.0003683895723176749
10,38,0.5017553237317613,0.4972146989092729,4.710717296471879e-05
10,39,0.4940128589856657,0.4922782806095038,7.023045729628454e-05
10,40,0.4855865915337714,0.48975767882228627,7.051591662302409e-05
10,41,0.5133568718385082,0.5134840846119852,4.469827644783696e-05
10,42,0.5070393720085199,0.5035688558355396,2.5973749508259703e-05
10,43,0.4922249022456075,0.49948372748363473,1.4849378223947361e-05
10,44,0.527716224498811,0.5140364979607817,0.00011688971357132315
10,45,0.47331641396443563,0.4849464161477698,0.0002368880166043297
10,46,0.5044149785410116,0.502599766635374,3.022130588065071e-05
10,47,0.5031201390636376,0.50062188164533,0.00014366096976993646
10,48,0.5109078717351871,0.5032766309323279,6.062795224544197e-06
10,49,0.5006670433043622,0.5070565046995729,3.778968126078113e-05
10,50,0.489234572626548,0.48505889377757,4.04423048840904e-05
10,51,0.51020045943093,0.5025328131547999,2.4437224965343856e-05
10,52,0.5056571172250353,0.5000235002279362,0.0001535320013332972
10,53,0.4980589039693707,0.4955810733085269,0.0003428553969886196
10,54,0.5005040468981184,0.5012935490136969,3.472988023691461e-05
10,55,0.5002444732568615,0.49811015096635003,0.0003735949217526034
10,56,0.5147909835459787,0.4976508726922673,8.439334002532469e-05
10,57,0.4788422446794724,0.4823788616494995,0.00026444778626400086
10,58,0.48850426173679923,0.4873952270868153,3.3111505818742836e-05
10,59,0.5090794097851842,0.4976364733716425,4.886130060211017e-05
10,60,0.5018106309049953,0.4927796008585459,0.00011280775250786142
10,61,0.4999779148102375,0.5039585628313826,5.400483685576483e-05
10,62,0.48219690039465857,0.4852707779084533,1.307493835266803e-05
10,63,0.5150162760361843,0.503175212955391,0.00012064452250842062
10,64,0.5130999828926337,0.5075301541037199,5.1125726197885343e-05
10,65,0.496314897507015,0.5068620245994294,3.5904466125548947e-06
10,66,0.5144866950306132,0.510187114893572,7.275895805840181e-05
10,67,0.47811608427136343,0.4802924590459423,7.67552908566454e-06
10,68,0.49711810896247394,0.5066825274166561,0.00013797576140716408
10,69,0.4981312526308726,0.5031860488286775,0.00012861732897319586
10,70,0.4977011927926419,0.49781718468447955,0.00029041919345602717
10,71,0.5228636501335072,0.5163305962930123,7.301171811424371e-05
10,72,0.4867808150039311,0.48510999900645935,3.651057554500801e-05
10,73,0.5114535791125943,0.4984074340102432,5.622739257796365e-05
10,74,0.4997082967258007,0.4984585581965046,2.5112672722823142e-05
10,75,0.4970004172204458,0.5093550204471379,1.0584031394071754e-05
10,76,0.4989386069775665,0.49652978347137433,0.0001504878944079025
10,77,0.5045283117219496,0.5145426227090777,0.00010491397240490286
10,78,0.49384438886146836,0.4917873360973499,3.0849279232785856e-05
10,79,0.49108164274000554,0.4955311148192035,5.608094887510709e-05
10,80,0.4868594673779389,0.4956884042454119,4.4973579075457823e-05
10,81,0.4989803350989023,0.5013642189119887,1.708155468495189e-08
10,82,0.49369929715259764,0.49649863146712875,4.876551638469875e-05
10,83,0.4868480160613499,0.4872425613298384,4.354162070022571e-05
10,84,0.5047255920430951,0.5012445550039415,7.25708953562684e-05
10,85,0.5083958384248335,0.5129365870603154,6.0174557605700596e-05
10,86,0.5014427720474398,0.5033172696182276,3.321176428667168e-05
10,87,0.49380048806322574,0.4987506368949031,0.00010157277000706207
10,88,0.49431889587572236,0.4964380270337505,3.207071054859949e-05
10,89,0.5013992049515936,0.5015395013945577,3.7759966633492985e-05
10,90,0.4964606602971824,0.48933588814320034,3.424305518902083e-05
10,91,0.49625176158844386,0.4803986088662746,0.0002233960042727773
10,92,0.5034634137571342,0.5110400121221933,4.312519037079078e-05
10,93,0.49817157386491334,0.5089719397604244,2.1157115676360385e-05
10,94,0.5060912766675758,0.5063961444104818,0.0002583332561328635
10,95,0.4943031745785511,0.4851266874115563,0.0001305399101664494
10,96,0.49071701531076756,0.4994618244283407,4.027953433948594e-05
10,97,0.5231210196026013,0.5089245504643035,2.8787389555534288e-05
10,98,0.5015408801977844,0.4978426295511527,0.0002994423442320159
10,99,0.5145696853488646,0.5023053451814794,0.00015477568387153745
10,100,0.512325902391756,0.5074877656079309,0.00018072907694038535
10,101,0.4855648405628323,0.49137672583503206,9.411858373040605e-05
10,102,0.4773219942707291,0.48973975724694013,9.521386746838945e-06
10,103,0.48925719693004716,0.49720532014694024,7.399261786131425e-05
10,104,0.4995448586902732,0.5008426480324524,0.0003402147815429341
10,105,0.47591366478819247,0.4849461319351027,6.370283780336567e-06
10,106,0.5073618158584939,0.5085461246068393,0.00039481661376023863
10,107,0.5011881537864242,0.4982374463183239,0.00016542775080058192
10,108,0.4826022064765971,0.49524932642469216,3.580152057780185e-05
10,109,0.49314084134799685,0.49862204614375727,0.00011190926610437047
10,110,0.4910428786525897,0.4989242553866827,0.00015327586246829643
10,111,0.48533471290726976,0.4955690798153006,0.00011340342289732027
10,112,0.503848156318822,0.5082133979398156,0.00017936319812782655
10,113,0.5203340365074656,0.5081462057901046,2.603628082043808e-05
10,114,0.5063420028805227,0.49942725690970646,0.0002014903929395605
10,115,0.5160126229663328,0.511607117121391,6.047438187373442e-05
10,116,0.47356804548702147,0.49290140442608643,4.2619525788362406e-05
10,117,0.494063488979325,0.49148986855073806,2.696500752686995e-05
10,118,0.49255951968893946,0.5045469848341717,4.29564171399666e-05
10,119,0.506287917828346,0.5002604996285301,1.5879506510202868e-05
10,120,0.4944630389121376,0.50900207238986,7.496053322929516e-05
10,121,0.5003291137592601,0.5087054902703375,0.0004848589713849737
10,122,0.5170423551458706,0.5161201848321826,0.0001146747185974195
10,123,0.4989416005443597,0.4892114534692671,5.330152420018908e-05
10,124,0.5069726092593945,0.49776412285846594,0.0002980823171871605
10,125,0.4993487274362859,0.4959862287651115,0.00031064428929013693
10,126,0.5132879790662124,0.4985444473972093,4.550559779009316e-05
10,127,0.4952115173884846,0.5007069696147443,8.859052357504137e-05
10,128,0.4923965566295233,0.5039350107523901,1.61036177547729e-05
10,129,0.5081311936929954,0.4978006233077956,0.0006267580370443278
10,130,0.5064513851618884,0.5006867094694014,0.00013208422568701655
10,131,0.49498950191997204,0.5047346068205346,0.00030663666851548374
10,132,0.4887165895079237,0.4964598394319098,0.0002765590467471543
10,133,0.5154573128286192,0.5121080339701632,0.00039400067058555034
10,134,0.4939901816782308,0.5001236416009028,6.346784016739554e-05
10,135,0.4871388976573434,0.48861878629184935,0.0003579857811281723
10,136,0.4900397358913484,0.48994780114742514,3.412592359563028e-05
10,137,0.48925746616303983,0.4936965692660345,4.8287207523901547e-05
10,138,0.5201405533137307,0.5141567961364749,0.0002223930048770842
10,139,0.4971045610427548,0.49435618768058714,0.0002352706631274113
10,140,0.4742887462459768,0.4818663949538407,0.00017403880226621508
10,141,0.503727043158663,0.5008862922864554,0.00025431212624756484
10,142,0.5012530412967178,0.5025416662933643,0.00014250493892667597
10,143,0.49020481493860096,0.48472662417334983,0.0001300295299503861
10,144,0.48993335573719793,0.49847712959171564,7.126795615478243e-06
10,145,0.5078746854035799,0.5013521455404237,8.422098742827412e-05
10,146,0.4927863318481237,0.493013335983503,1.017003136345903e-05
10,147,0.49046769398436413,0.5017991544682434,4.9293164324349894e-05
10,148,0.5115473004114179,0.5010243288280195,8.839484040690099e-05
10,149,0.4952607865554953,0.4923116065248065,2.8877353108477806e-05
10,150,0.5088919342075597,0.5121303492099748,0.00012658925698031954
10,151,0.49314810430265116,0.49191393126243715,0.0004929934309515195
10,152,0.516410972482797,0.5203476002937101,0.00035840230535285624
10,153,0.4967257482516659,0.49497556376009266,6.022240163830641e-05
10,154,0.4788555588022307,0.48674786929580194,0.00026612593101681337
10,155,0.49933235329070813,0.48277362430894477,0.0001223264924601241
10,156,0.5021028927556808,0.49813180858244915,2.683567130721391e-05
10,157,0.5000042216331149,0.49877553965363314,4.983827660775118e-05
10,158,0.5027974972454898,0.49736762988175304,0.0002725019142647644
10,159,0.5057267727119116,0.4981180109067458,0.0001392300144322938
10,160,0.48535970758223945,0.4941070186626988,1.0765444700195983e-05
10,161,0.4967672492427588,0.5042091522345946,8.673317989845195e-05
10,162,0.49936221587957125,0.5164897524560486,0.00010928851374381054
10,163,0.49383259502896804,0.48888501626138414,4.1375484846619595e-05
10,164,0.49918064137964696,0.5006333528340876,3.267091912779912e-05
10,165,0.49988437537140806,0.5017197414045078,1.9986526417717534e-05
10,166,0.5051520865715525,0.5008756221629151,6.459160114959448e-05
10,167,0.49842530754732867,0.5032017968261222,1.2933642605383085e-05
10,168,0.510752243631438,0.5038879338169584,0.0001550594938375853
10,169,0.508553512593446,0.5053346762065339,8.552315887490653e-05
10,170,0.4915131072304782,0.4980032770645828,1.1132521722445602e-05
10,171,0.5122157723342926,0.5086241673297148,3.536719444918223e-05
10,172,0.5017593403630639,0.49225322312323144,0.0002641164536392544
10,173,0.5182889089052275,0.5038938054478199,6.431245900162411e-05
10,174,0.4989969463269227,0.5029415265134701,0.0001155594179034051
10,175,0.49799714619231467,0.500075979887773,9.373767351587773e-05
10,176,0.5110266585466261,0.49864034902947413,2.8748127390304384e-05
10,177,0.5065631327676384,0.5069941713784311,1.35014726505506e-05
10,178,0.4806196964881956,0.4877767677536523,2.2496236003005522e-05
10,179,0.49216835484978366,0.49345837456129504,2.3030491755406305e-05
10,180,0.49726535475967076,0.5042210458145916,0.00012697537792799178
10,181,0.503398124938728,0.4957491359434979,0.00010449520457964602
10,182,0.4944723694352308,0.49843583204048625,0.00011099227146781547
10,183,0.4943054417871639,0.49283163136248903,2.6161387969631344e-06
10,184,0.47941533938769165,0.48537327905772726,0.00010322408635159746
10,185,0.49649421883641176,0.5002463306533973,0.00014219459340968784
10,186,0.5055762343093028,0.5047412844474574,8.781790217692857e-05
10,187,0.4866822717299084,0.4874920369701778,4.023187807232099e-05
10,188,0.4901377661893549,0.5065159186622081,0.0002699553990169143
10,189,0.4942260883353687,0.4905839258507168,6.058479910438436e-05
10,190,0.4977694736491494,0.5161955656630062,5.827862621198885e-05
10,191,0.502247625176852,0.5040894927427105,7.730129873161108e-06
10,192,0.4797783792644012,0.48468725001697516,0.00010639479541510882
10,193,0.5025524724881197,0.5089946911885839,9.379343736153634e-05
10,194,0.5386143082661533,0.5203021512255691,5.4776980558997645e-05
10,195,0.47545677141158055,0.49050771313421354,2.821721526289957e-05
10,196,0.5138183107651504,0.5034751937726033,5.12040741625023e-05
10,197,0.5058582854431696,0.490353450182689,7.556074818778549e-05
10,198,0.5052898741542735,0.5028512059900777,3.188241555312268e-06
10,199,0.5017055686156561,0.5058470668607689,0.000410250473409702
20,0,0.4915294401546973,0.4934442396694157,1.5317181836576462e-06
20,1,0.501768137873111,0.5062318381411488,3.130370642388366e-05
20,2,0.5138840404182541,0.5098754880603898,4.257812914057343e-05
20,3,0.49480311773779284,0.4997844273961423,2.372986141492428e-05
20,4,0.5009825106986194,0.49754211424314904,0.00027377721273745293
20,5,0.49433059222934783,0.5024872660087943,0.00035509740396408925
20,6,0.5114144136294874,0.514259273897553,3.403520869296386e-05
20,7,0.5015627541989938,0.5073130652841644,0.0002101436583167902
20,8,0.5060423519783886,0.5078728783886545,0.00035775106490949245
20,9,0.4979734681214107,0.4947449498150104,0.0003274427591130723
20,10,0.5071760843956633,0.500335044368669,4.592720334576482e-05
20,11,0.5040057081090549,0.5050011921216978,0.0001820558471426388
20,12,0.48546429179163847,0.4894807648318504,9.051780590805126e-05
20,13,0.49770022309712625,0.4974722353812509,7.384633637020321e-05
20,14,0.5008380160520558,0.49329323911685374,0.0004870148319663238
20,15,0.50169892863898,0.500138573256637,0.00012667370368584605
20,16,0.5143799293865927,0.5117471693805935,1.6142616492743515e-06
20,17,0.5016449934289281,0.498305687789108,4.0067419491625784e-05
20,18,0.5109408468805983,0.49317358123855753,9.501327588567739e-06
20,19,0.49285363724137443,0.5000849504698791,0.00010834197846564599
20,20,0.511948328808703,0.5026431264505064,0.00013110082082423686
20,21,0.4905646898188391,0.4971101405226218,0.00020418229015035306
20,22,0.5108860836572008,0.5042669646676281,0.0002898195271650906
20,23,0.49524603589021104,0.4984737430899169,2.9530150478580397e-06
20,24,0.5033602674661656,0.49962662326352686,1.2429482047372758e-05
20,25,0.4859517775735995,0.49652155047682095,0.00021815625892186537
20,26,0.5040299419455343,0.4969973986002517,1.3567657053138705e-05
20,27,0.5088512191393793,0.4954388187557197,0.0003231789596541269
20,28,0.5236905896801438,0.5139327725034425,0.00025557006530504153
20,29,0.5032323063190691,0.5073548765327379,0.0003076971338747349
20,30,0.4976088425356981,0.4997501012184419,6.971215626856889e-05
20,31,0.492080370178815,0.4951311582169656,0.0001471859143284848
20,32,0.4715897547209781,0.49597645669519785,0.0002614125461562746
20,33,0.4852070636283549,0.4942916747673563,0.00011282691090666419
20,34,0.4990243496721162,0.49838419943914436,2.1826893177009517e-05
20,35,0.49685272759732013,0.5031804539002552,0.00017940455343854822
20,36,0.4948591266808373,0.4910883052843487,2.6017370964557018e-05
20,37,0.5099742907463788,0.4993707043938478,9.72613651290994e-06
20,38,0.49004908390231955,0.4941104743750087,4.980058618344402e-05
20,39,0.5009746077438582,0.508943143510606,1.7506731283535468e-05
20,40,0.5105395004974754,0.5045287495712832,0.00027727177820942447
20,41,0.5181336875592635,0.5124903039279626,9.439872841857394e-05
20,42,0.48765891236903697,0.4897386589452692,0.00016844012126858424
20,43,0.4868413531651844,0.49988659876680036,2.5252481052577838e-06
20,44,0.49724756509596635,0.49982428767622183,0.0002933602451268821
20,45,0.4874203084920658,0.49240692487823384,3.2028428892235684e-05
20,46,0.4928619397215957,0.4999105015669538,2.4079144739978498e-05
20,47,0.5104190896699459,0.4899215806841816,1.5983582943970594e-05
20,48,0.5051396368469139,0.5038941181234156,0.0002553281527507544
20,49,0.49327903059583156,0.5012459671006552,0.000281246632360622
20,50,0.5032460814925432,0.5023854896235813,7.249989642511606e-05
20,51,0.48658490784669384,0.49924004859510684,0.00028311520913732585
20,52,0.5186538847251817,0.5117544269290822,0.00020905288973060814
20,53,0.5022307403651234,0.5087042114811255,3.189043305111537e-05
20,54,0.5100343304299594,0.5056737571872669,0.00013430850048809392
20,55,0.5079558875062011,0.4962493432832364,0.0001222306997438054
20,56,0.48927622368612605,0.512138611006745,2.8232275381399447e-05
20,57,0.5157757730127315,0.5027387435005537,6.270337365249483e-06
20,58,0.4973167694959969,0.4880498034580915,7.712010307623672e-07
20,59,0.4982383919820171,0.5011998024633094,1.701288256291995e-05
20,60,0.4894826430549196,0.5013250338409821,9.035011174562846e-06
20,61,0.49625353643269116,0.4903760165386593,1.4752334706760045e-05
20,62,0.48153945252758834,0.4865489644227972,1.5161384462687161e-05
20,63,0.489623028826173,0.49477659433533017,2.7719676899602156e-05
20,64,0.5126824703488724,0.49665859558663794,0.0003676674287260021
20,65,0.5084292600103176,0.49743151856076007,4.557195111295276e-05
20,66,0.5010514266265312,0.5005827431000762,0.00010279777987559773
20,67,0.5034496933690459,0.5068938013247074,5.496117323807452e-05
20,68,0.49692889006825924,0.5090188694105049,2.124045693330787e-05
20,69,0.5113041661436435,0.502205887863142,5.0919630078646746e-05
20,70,0.5073980324396232,0.5021532910037225,0.00011123120544961344
20,71,0.4967904344870268,0.4991735758731028,0.00011722491758678057
20,72,0.48854099312371596,0.49898883545023115,6.467247894344794e-05
20,73,0.49058612823237996,0.5045480502372041,0.00016917847897070847
20,74,0.4916533933820043,0.49798201635189987,1.1461683874521162e-06
20,75,0.493405000410204,0.4992925220086727,2.974749039000949e-05
20,76,0.4806785018183935,0.48199222205325987,4.4510561966984765e-06
20,77,0.5089641876928953,0.5112293994756819,6.583464522083686e-05
20,78,0.5028970282512416,0.5119520939229258,0.0006473405289067526
20,79,0.516100002964738,0.5109435313390956,2.4810410428680945e-05
20,80,0.485918047358864,0.5008234186700226,7.407302999668144e-05
20,81,0.49036247711000325,0.4988278039949511,0.0002501799835752542
20,82,0.5141874438078644,0.5140501742763645,0.00011694985129469571
20,83,0.48808181687172114,0.49661343529390045,0.0001892680924182605
20,84,0.5105472726263451,0.506236777534469,3.678509065422154e-05
20,85,0.505389216929707,0.504645389091207,0.0002198427510342104
20,86,0.5144927196709285,0.4972352609701594,7.885452461515033e-05
20,87,0.4938599620831324,0.49629211056852396,0.00028943751597774634
20,88,0.5050831192753756,0.4938732124571783,0.0002054241673649972
20,89,0.49923104452787553,0.5108830029339451,0.00011058576203757288
20,90,0.4830370620028382,0.48880257154762896,0.0002037725360048515
20,91,0.5018665983454795,0.4948722403969404,0.00030783514645142456
20,92,0.509165094310541,0.5002710265150371,3.838697944825692e-05
20,93,0.5008999923288588,0.49701192418923573,9.974619365821391e-05
20,94,0.4912380734639839,0.4922441290678804,7.108943945419855e-05
20,95,0.4855426923473025,0.4899643659755001,0.00010203718094473973
20,96,0.5012371031537238,0.5027236118817457,6.658495991731329e-05
20,97,0.5004831603073079,0.5122043689846536,0.0002785013878642572
20,98,0.49570736782841324,0.4994733818344948,0.00024491194695649515
20,99,0.515083425909486,0.5114958819935365,0.0001794817370576486
20,100,0.49744612163344193,0.49332521830797477,5.3297676754719384e-05
20,101,0.5033424257737841,0.5004203798868488,2.394683213945258e-05
20,102,0.5157623976264032,0.5116263052386668,6.998072591874486e-05
20,103,0.49572052863002264,0.5019443675548885,9.687510577977372e-05
20,104,0.49889894308851584,0.5088254335385629,9.944003305322229e-05
20,105,0.5124765305419854,0.5076149633300522,5.126426522448804e-05
20,106,0.5163866056992118,0.5143595331095134,7.540718995876888e-05
20,107,0.5047951434222753,0.5057131564444147,0.00029821306214335174
20,108,0.5329928779292621,0.5217511032516917,0.00014359180905047328
20,109,0.5054201988882739,0.4980777567040772,1.729645103944758e-05
20,110,0.5069190803602104,0.509615511826651,0.000373598816041134
20,111,0.506045106991086,0.5052287867625609,0.0001225734575171169
20,112,0.4911141040593412,0.4841385401407611,1.9780565675852077e-05
20,113,0.4980935640576439,0.5031954842792452,0.00010374469922827623
20,114,0.4808106797713814,0.485236077705169,7.234409547234007e-05
20,115,0.5011991529183147,0.4999017164068501,5.986998004649255e-05
20,116,0.5004951667271074,0.5033054341287456,1.0909951886302043e-05
20,117,0.5033996884241373,0.4960155736738507,9.100498752976143e-05
20,118,0.4955340173623832,0.5048700097153511,1.3721580087035577e-05
20,119,0.4897213800736971,0.49513254941373314,0.0003440590611644095
20,120,0.5106903515104768,0.5106835973117462,0.00010368829325500149
20,121,0.4957134328351629,0.49427477301456363,5.024336723183166e-05
20,122,0.5096887005770127,0.5137964693705903,0.0002743888928024766
20,123,0.5002065876789112,0.502612172778435,3.9587953132299464e-05
20,124,0.5024089056707562,0.5026933438095827,5.562422064367512e-05
20,125,0.5015849518849377,0.5014272868993538,0.00036777792229554914
20,126,0.5030270149088449,0.5013918005940101,1.9791516922025312e-06
20,127,0.5055745033054837,0.5037874927700688,1.7182348996508487e-05
20,128,0.5269125902385231,0.5102294046748282,4.596457032874647e-05
20,129,0.502544144211498,0.5022605133662037,0.0004417876717306162
20,130,0.5033383903217539,0.503525574739781,6.208113696460729e-06
20,131,0.5060517251701054,0.4909500219091156,7.844317328553534e-05
20,132,0.49518348674889756,0.5005284329406828,4.9805399822313964e-05
20,133,0.4926660432438271,0.5042926703138966,3.32555508741357e-05
20,134,0.5047766483522299,0.5047265485201321,0.00019084001622590442
20,135,0.5023234801705603,0.5056368901148266,6.255757345451001e-05
20,136,0.4969088723877551,0.4970533403876324,0.0003716237071989703
20,137,0.5130462729461571,0.5211679651416006,7.131225800627914e-05
20,138,0.4917884625283851,0.501451537666419,0.00014066134562911787
20,139,0.4913123135249527,0.496603206476697,0.00010905884948914436
20,140,0.5041196007878175,0.49594733824882214,6.357307191873451e-05
20,141,0.5092680805597977,0.5008801430474429,0.00017586885672232349
20,142,0.5083224449980891,0.5061762817728255,4.183370555125193e-05
20,143,0.5008663133988767,0.5013811518020883,6.376964873639176e-05
20,144,0.49323389861854916,0.49958726529993686,7.260252514027835e-06
20,145,0.5110117883189719,0.504167153501494,9.610690986984619e-05
20,146,0.5187235974591846,0.5090768414572091,8.119804234116348e-05
20,147,0.4887483420358086,0.49278821981139304,0.00016828286270157217
20,148,0.48501313579665056,0.49592770488575616,6.58298687758585e-05
20,149,0.4906810234150617,0.49757313225640126,0.0001660499752115548
20,150,0.5087385284487863,0.5024938152054979,0.0003997479570335655
20,151,0.4912578891909822,0.5009551152223947,1.952549190142709e-05
20,152,0.5134740769654167,0.5025238022147497,2.6249866876401556e-05
20,153,0.5085724241171107,0.5071380344238569,9.633466160255984e-05
20,154,0.4953295744897356,0.4999461334910803,0.00014876328101533326
20,155,0.5276737533001483,0.5178197141214361,1.2396850755450937e-05
20,156,0.47651714201303536,0.49241308180239135,3.0682979988105736e-05
20,157,0.49327208395603434,0.4898569339250941,3.129189359262317e-07
20,158,0.5050111732479907,0.508629205850628,1.6957012555304327e-05
20,159,0.500298308364721,0.5075549145736293,0.00019180953052707272
20,160,0.4789252608185581,0.4863602918911422,4.80858773115014e-05
20,161,0.4914178255285787,0.4953750919708946,0.0001637237009174855
20,162,0.49670686367592687,0.5055580176771897,5.946482438162571e-05
20,163,0.4970769745920781,0.5057963037314318,0.00015807208583037784
20,164,0.5142164179845472,0.5099942865824496,0.00019207770887114852
20,165,0.49822140276356036,0.497953595367183,5.379870786981722e-05
20,166,0.5028274122743039,0.49836838757913815,3.260611668131084e-05
20,167,0.5001097018747976,0.5037159971838165,0.0001922989799638909
20,168,0.5233077870024135,0.5181676587597408,0.00019565997422048235
20,169,0.5018875688580591,0.4998816517999256,0.0001094972589995276
20,170,0.5021714241598199,0.5024684381673751,0.0004097052972312105
20,171,0.5066042398307627,0.49682356673498995,2.947365240373606e-06
20,172,0.5250582115744264,0.5105765613080155,6.245314476820275e-05
20,173,0.48966675132146115,0.4933210596469733,0.0003387666992321246
20,174,0.5056678396423294,0.5047075755588244,0.00014692344817503165
20,175,0.49403620885987914,0.4911667914275723,1.5123276348636915e-05
20,176,0.4957617648215516,0.4922308803682331,0.00030185738434568006
20,177,0.5052083243614454,0.4915604608014184,0.00040415070817427794
20,178,0.4927586973003329,0.504074038803626,9.142054471371943e-05
20,179,0.49453120916325105,0.4935174414295991,7.708031293950203e-05
20,180,0.4883485606757128,0.4950267964414211,0.00014323262771097066
20,181,0.49020233594166196,0.4892564032192945,0.00022057569934557706
20,182,0.4953934932422044,0.5088787922455272,4.1046404787882934e-05
20,183,0.5176523561753512,0.5071085146914023,1.316540018554767e-06
20,184,0.4936843268730063,0.49275518003819946,0.0003501836473135881
20,185,0.48958297035963055,0.49553821595963504,0.00010102075543153374
20,186,0.4764166270952147,0.49266086368307316,5.8258121498237175e-05
20,187,0.5067668492131613,0.5038065357602213,0.000231810091651919
20,188,0.5034291777266253,0.5030606673867758,0.00011435784200221677
20,189,0.5099917225802806,0.514952971086615,0.00014331425084959673
20,190,0.5034793029926102,0.5091599818133913,0.00015486502375491366
20,191,0.4914329589131094,0.49596898827107894,2.6966560354880636e-05
20,192,0.5088637446777278,0.4983236042924495,3.1903676976715994e-05
20,193,0.4839940139908337,0.49815668947705294,1.7866141548125734e-05
20,194,0.5045641528886201,0.5001174048485052,5.953357475048679e-05
20,195,0.49997978679301175,0.4997832175000125,0.0001750912720503007
20,196,0.5089189335908717,0.5007200241462153,3.752005827984776e-05
20,197,0.4989915662787519,0.4940827574773431,0.00017099979936633058
20,198,0.49403319131858553,0.4957371011866603,1.4519681530182896e-05
20,199,0.5007388452149479,0.5016894878351218,0.00020622445176405173
